CleanName,Baseline,PostIntervention,EndPoint
25-hydroxycholecalciferol,1.40667E-05,,0.0000414
ASG 28:2;O;Hex;FA 21:3,0.0000162,0.00001741,1.38725E-05
C17-carnitine(d3),0.000014326,0.0000198,0.00000829
CE 14:1,2.40471E-05,0.000049,0.00003925
CE 16:1,8.45556E-05,5.60903E-05,0.000084083
CE 22:1,0.00002475,0.0000224,2.39271E-05
CE 24:1,0.00001257,0.0000175,0.0000256
CE(d7 17:1),0.0000257,0.0000372,0.0000259
Cer 23:1;O2|Cer 12:1;O2/11:0,4.45857E-05,0.0000427,2.78857E-05
Cer 31:0;O3|Cer 17:0;O2/14:0;O,,,0.0000123
Cer 31:1;O3|Cer 17:1;O2/14:0;O,0.0000236,,0.0000143
Cer 32:0;O3|Cer 18:0;O2/14:0;O,2.96143E-05,0.000019442,0.00003466
Cer 32:1;O3|Cer 16:1;O2/16:0;O,4.15111E-05,0.000036325,4.01214E-05
Cer 32:2;O2|Cer 16:1;O2/16:1,6.36346E-05,0.00005055,5.07714E-05
Cer 33:0;O3|Cer 17:0;O2/16:0;O,5.47778E-05,0.0000404,4.50667E-05
Cer 33:1;O2|Cer 17:1;O2/16:0,0.000024,0.00001435,0.0000331
Cer 33:1;O3|Cer 17:1;O2/16:0;O,6.98897E-05,5.21111E-05,6.12404E-05
Cer 33:2;O2|Cer 17:1;O2/16:1,2.26625E-05,0.000023275,0.00002636
Cer 34:0;O2|Cer 18:0;O2/16:0,3.22344E-05,2.97143E-05,2.35556E-05
Cer 34:0;O3|Cer 18:0;O2/16:0;O,8.13527E-05,6.25497E-05,7.74518E-05
Cer 34:1;O2|Cer 18:1;O2/16:0,0.000039125,0.000036575,0.000053636
Cer 34:1;O3|Cer 18:1;O2/16:0;O,0.00010979,0.000094675,0.000102962
Cer 35:1;O2|Cer 16:1;O2/19:0,0.0000196,0.0000193,0.0000254
Cer 36:0;O3|Cer 16:0;O2/20:0;O,0.0000417,,0.0000201
Cer 36:1;O2|Cer 16:1;O2/20:0,8.85816E-05,6.24111E-05,8.36327E-05
Cer 37:1;O2|Cer 17:1;O2/20:0,4.46889E-05,0.00003455,3.63044E-05
Cer 38:0;O2|Cer 18:0;O2/20:0,7.68847E-05,5.51619E-05,5.16367E-05
Cer 38:0;O3|Cer 20:0;O2/18:0;O,0.000032625,3.36333E-05,0.00003355
Cer 38:1;O2|Cer 16:1;O2/22:0,7.06862E-05,5.37778E-05,6.54568E-05
Cer 39:1;O2|Cer 12:0;O2/27:1,0.0000253,0.00001255,
Cer 39:1;O2|Cer 17:1;O2/22:0,0.000041475,2.61625E-05,3.86667E-05
Cer 40:0;O2|Cer 16:0;O2/24:0,0.000093762,6.61556E-05,8.08317E-05
Cer 40:0;O4|Cer 16:0;O3/24:0(2OH),0.0000225,,0.0000313
Cer 40:1;O2|Cer 18:1;O2/22:0,8.38972E-05,6.36095E-05,7.59376E-05
Cer 40:1;O2|Cer 25:0;O2/15:1,0.0000237,,0.0000348
Cer 40:1;O3|Cer 16:1;O2/24:0;O,0.00001927,,0.0000239
Cer 41:0;O2|Cer 17:0;O2/24:0,7.61963E-05,5.08556E-05,0.000066842
Cer 41:1;O2|Cer 17:1;O2/24:0,5.12125E-05,3.35286E-05,4.26889E-05
Cer 41:1;O3|Cer 17:1;O2/24:0;O,0.0000223,,0.00002405
Cer 41:2;O2|Cer 20:2;O2/21:0,0.00001305,,0.0000134
Cer 42:1;O2|Cer 16:1;O2/26:0,9.50152E-05,0.000066841,8.47913E-05
Cer 42:1;O3|Cer 16:1;O2/26:0;O,2.80625E-05,0.00002126,2.76571E-05
Cer 42:2;O2|Cer 16:1;O2/26:1,0.0000204,,4.45667E-05
Cer 43:1;O2|Cer 17:1;O2/26:0,0.0000537,0.0000322,3.94767E-05
Cer 44:1;O2|Cer 16:1;O2/28:0,9.01702E-05,6.29316E-05,8.33089E-05
Cer 44:1;O3|Cer 18:1;O2/26:0;O,0.0000348,2.65143E-05,3.57857E-05
Cer 45:0;O3|Cer 17:0;O2/28:0;O,3.46625E-05,0.00003232,0.000038325
Cer 45:0;O4|Cer 22:0;O3/23:0(2OH),0.0000186,,0.0000259
Cer 45:1;O2|Cer 17:1;O2/28:0,5.49556E-05,3.73889E-05,5.01589E-05
Cer 46:0;O3|Cer 24:0;O2/22:0;O,9.62639E-05,5.71444E-05,7.54307E-05
Cer 46:0;O4|Cer 22:0;O3/24:0(2OH),0.0000363,0.00001728,3.45857E-05
Cer 46:1;O2|Cer 22:1;O2/24:0,9.62101E-05,6.49619E-05,8.84986E-05
Cer 46:1;O3|Cer 20:1;O2/26:0;O,3.69375E-05,2.56714E-05,0.000035125
Cer 47:1;O2|Cer 17:1;O2/30:0,5.18625E-05,3.34143E-05,4.22544E-05
Cer 48:0;O2|Cer 22:0;O2/26:0,6.29889E-05,0.000041725,5.75568E-05
Cer 48:0;O3|Cer 22:0;O2/26:0;O,4.68286E-05,0.00004228,2.78888E-05
Cer 48:1;O2|Cer 20:1;O2/28:0,0.000112528,0.000072123,0.000101736
Cer 48:1;O3|Cer 22:1;O2/26:0;O,4.21625E-05,2.66571E-05,3.84875E-05
Cer 49:0;O3|Cer 25:0;O2/24:0;O,0.0000153,,0.00002505
Cer 49:1;O2|Cer 22:1;O2/27:0,6.81319E-05,0.000038625,5.59682E-05
Cer 50:1;O2|Cer 22:1;O2/28:0,0.000129337,8.33163E-05,0.00011411
Cer 50:1;O3|Cer 22:1;O2/28:0;O,0.00003772,0.0000336,0.000035975
Cer 50:2;O2|Cer 22:1;O2/28:1,0.000025525,0.000018114,0.000027325
Cer 51:1;O2|Cer 21:1;O2/30:0,5.17625E-05,2.18225E-05,4.02625E-05
Cer 51:1;O3|Cer 22:1;O2/29:0;O,,,0.0000182
Cer 51:2;O2|Cer 21:1;O2/30:1,2.03533E-05,0.0000215,1.95667E-05
Cer 51:8;O2|Cer 29:2;O2/22:6,1.97467E-05,0.0000416,0.0000372
Cer 52:1;O2|Cer 22:1;O2/30:0,6.33299E-05,4.22889E-05,5.67877E-05
Cer 52:1;O3|Cer 22:1;O2/30:0;O,,,0.00001134
Cer 52:2;O2|Cer 22:1;O2/30:1,4.91876E-05,4.15125E-05,0.000040825
Cer 53:2;O2|Cer 21:1;O2/32:1,2.24667E-05,0.00001254,1.83857E-05
Cer 54:1;O3|Cer 20:1;O2/34:0;O,0.000326676,0.000395461,0.000289203
Cer 56:2;O3|Cer 22:1;O2/34:1;O,0.002991335,0.003371676,0.002698539
Cer 67:4;O4|Cer 20:2;O2/47:2;O2,5.25751E-05,4.68222E-05,5.29909E-05
Cer 70:5;O4|Cer 20:2;O2/50:3;O2,0.000107487,8.64949E-05,0.000102185
Cer 71:4;O4|Cer 22:2;O2/49:2;O2,9.53112E-05,7.28609E-05,9.43368E-05
Cer 72:4;O4|Cer 22:2;O2/50:2;O2,8.15756E-05,5.94778E-05,7.36169E-05
Cer 72:5;O4|Cer 20:2;O2/52:3;O2,0.000136816,0.000100576,0.000131429
Cer 72:6;O4|Cer 22:2;O2/50:4;O2,0.000026325,2.03143E-05,2.18611E-05
Cer 73:5;O4|Cer 21:2;O2/52:3;O2,6.11377E-05,4.96889E-05,5.48444E-05
Cer ADS d16:0 13:0,4.49667E-05,5.57667E-05,6.01556E-05
Cer ADS d16:0 14:0,0.000311682,0.000344845,0.00037286
Cer ADS d16:0 16:0,0.005392284,0.005594397,0.006233859
Cer ADS d16:0 24:0,0.004605868,0.007038851,0.00797358
Cer ADS d17:0 14:0,0.003885178,0.003731214,0.004750037
Cer ADS d17:0 16:0,0.011929487,0.012133771,0.013304153
Cer ADS d18:0 16:0,0.013026557,0.014116867,0.016670708
Cer ADS d18:0 25:0,0.000527556,0.000258395,0.00068936
Cer ADS d19:0 16:0,0.001562099,0.001717801,0.001789281
Cer ADS d19:0 26:0,0.003530596,0.0028782,0.004514784
Cer ADS d19:0 29:0,0.000324858,0.000277177,0.000499983
Cer ADS d20:0 22:0,0.000284505,0.000363545,0.000343332
Cer ADS d20:0 24:0,0.000413828,0.000475404,0.000423918
Cer ADS d21:0 18:0,0.000227022,0.000192263,0.000277587
Cer ADS d22:0 14:0,8.97377E-05,0.00013335,0.000129419
Cer ADS d22:0 16:0,0.004692437,0.006476621,0.007057706
Cer ADS d23:0 13:0,0.001396986,0.001949555,0.002059401
Cer ADS d26:0 13:0,0.000132101,0.000127443,0.000146393
Cer ADS d26:0 15:1,0.000175041,0.000231933,0.000226459
Cer ADS d30:0,0.000239199,0.000320021,0.000323956
Cer ADS d30:0 21:0,0.000365507,0.000295374,0.000545364
Cer ADS d30:0 22:1,0.00057598,0.001094462,0.001087515
Cer ADS d31:0,0.008206336,0.009640726,0.010443803
Cer ADS d32:0,0.002637534,0.003190542,0.003542119
Cer ADS d32:1,0.016561873,0.014866574,0.019212965
Cer ADS d33:0,0.012344079,0.015771098,0.014849709
Cer ADS d33:1,0.012240178,0.014563742,0.014450165
Cer ADS d34:1,0.010633234,0.013753005,0.0114021
Cer ADS d36:0,0.008101481,0.008795311,0.010269983
Cer ADS d37:0,0.005341613,0.006258884,0.007323797
Cer ADS d38:0,0.006160912,0.006335447,0.007722548
Cer ADS d38:1,0.001459851,0.001616615,0.001636797
Cer ADS d39:0,0.003601694,0.003959111,0.004849313
Cer ADS d40:0,0.008816797,0.00813095,0.010822287
Cer ADS d40:1,0.002698222,0.003280235,0.002769469
Cer ADS d41:0,0.004759305,0.005268734,0.006763256
Cer ADS d41:1,0.000304351,0.000302538,0.000393163
Cer ADS d42:0,0.009417899,0.009057851,0.012402672
Cer ADS d42:1,0.002648447,0.002520807,0.003172557
Cer ADS d43:0,0.000162281,0.000445345,0.000293344
Cer ADS d44:0,0.00804104,0.009362803,0.012521012
Cer ADS d44:1,0.002553544,0.002116322,0.003168017
Cer ADS d45:0,0.001710414,0.002306977,0.002920245
Cer ADS d45:1,0.000977025,0.001040038,0.001394394
Cer ADS d46:0,0.0079464,0.008259584,0.011322179
Cer ADS d46:1,0.002770465,0.002281401,0.003392009
Cer ADS d47:0,0.004170542,0.004698043,0.006053289
Cer ADS d47:1,0.00013677,0.000214631,0.000406786
Cer ADS d48:0,0.003683307,0.006232955,0.007398927
Cer ADS d48:1,0.002533086,0.001994291,0.003224016
Cer ADS d48:2,0.000181676,0.000163742,0.000213761
Cer ADS d49:0,0.000909136,0.001254525,0.001888599
Cer ADS d49:1,0.000872548,0.001150035,0.00110945
Cer ADS d50:0,0.001922819,0.003351216,0.003924137
Cer ADS d50:1,0.001143189,0.001378949,0.001406981
Cer ADS d50:2,0.000234692,0.000315766,0.000463008
Cer ADS d51:0,0.000168171,0.000595994,0.000871818
Cer ADS d52:1,0.001115925,0.000900392,0.001415077
Cer ADS d54:2,0.000112199,0.000145297,0.000158397
Cer AP t15:1 18:1,0.000108863,0.000106263,0.000101543
Cer AP t16:0 13:0,1.99333E-05,2.65111E-05,4.74778E-05
Cer AP t16:0 14:0,4.56333E-05,5.74778E-05,6.64889E-05
Cer AP t16:0 20:0,0.002147444,0.002118739,0.002331453
Cer AP t16:0 24:0,0.002775237,0.002296764,0.003301108
Cer AP t16:0 26:2,0.000244465,0.000270817,0.000259526
Cer AP t17:0 14:0,0.000434776,0.000478451,0.000643478
Cer AP t17:0 15:0,0.000835864,0.000869646,0.000882006
Cer AP t17:0 16:0,0.00426035,0.005551243,0.007985139
Cer AP t17:0 20:0,0.00189115,0.001945178,0.002103843
Cer AP t17:0 22:2,2.95889E-05,3.64778E-05,0.0000464
Cer AP t17:0 24:0,0.004374716,0.004780832,0.006276746
Cer AP t17:0 24:1,0.000828466,0.000775929,0.001004489
Cer AP t17:0 24:2,0.000047325,4.83874E-05,2.68171E-05
Cer AP t17:0 26:1,0.000455918,0.000393983,0.000478794
Cer AP t17:0 26:2,5.52144E-05,0.00003785,0.000121127
Cer AP t17:1 16:0,7.02214E-05,6.37964E-05,9.80529E-05
Cer AP t18:0 14:0,0.000785038,0.000592767,0.00068433
Cer AP t18:0 15:0,0.001491629,0.000966494,0.001745399
Cer AP t18:0 16:0,0.00260349,0.00283847,0.003156902
Cer AP t18:0 24:0,0.002063116,0.002775832,0.003149631
Cer AP t18:0 24:1,0.000591108,0.000391375,0.000537187
Cer AP t18:0 28:2,5.35782E-05,4.80556E-05,5.89738E-05
Cer AP t18:0 29:1,0.0002779,0.000375155,0.000328058
Cer AP t18:0 32:1,8.18222E-05,7.97103E-05,7.83396E-05
Cer AP t18:1 15:0,2.57286E-05,2.89714E-05,0.0000226
Cer AP t19:0 16:0,0.000403176,0.000338549,0.000369571
Cer AP t19:0 24:0,0.000190439,0.000197481,0.000179318
Cer AP t20:0 23:0,0.000221382,9.69824E-05,0.000335281
Cer AP t20:0 24:0,0.003579863,0.002708826,0.00449469
Cer AP t20:0 30:0,0.0001297,0.000191725,0.000212324
Cer AP t21:0 28:0,0.000319308,0.000869219,0.000993497
Cer AP t22:0 24:0,0.004873424,0.003718262,0.006450003
Cer AP t22:0 26:2,9.23667E-06,2.12856E-05,0.00004372
Cer AP t22:0 27:0,0.000875706,0.000579129,0.001060437
Cer AP t22:0 30:1,0.000113934,0.000036265,0.000318582
Cer AP t23:2 23:0,9.74444E-05,8.63347E-05,8.23951E-05
Cer AP t24:0 15:0,8.41017E-05,7.66179E-05,0.000104916
Cer AP t25:1 15:0,9.51361E-05,0.000118098,8.36377E-05
Cer AP t26:1 18:0,0.000233652,0.000257149,0.00028675
Cer AP t29:1 21:0,0.000464463,0.00054656,0.000445286
Cer AP t30:0,0.0000537,5.42222E-05,5.52778E-05
Cer AP t30:0 25:0,,,0.00000482
Cer AP t32:1,0.000184798,0.000247181,0.000324634
Cer AP t33:0,2.81889E-05,3.60444E-05,4.73714E-05
Cer AP t33:1,0.000457231,0.000504991,0.000531251
Cer AP t34:0,6.4875E-06,0.0000207,0.00001945
Cer AP t34:1,0.001787171,0.001878658,0.001999862
Cer AP t36:0,0.000329158,0.000386508,0.000426912
Cer AP t37:0,0.002252887,0.002773411,0.002639458
Cer AP t38:0,0.002066575,0.002104935,0.002523217
Cer AP t39:0,0.002191853,0.002371133,0.003492245
Cer AP t39:1,0.000152326,0.00015019,0.000155984
Cer AP t40:0,0.001216491,0.002124968,0.001975775
Cer AP t40:1,0.000679316,0.000745218,0.000663051
Cer AP t42:0,0.003029822,0.002473421,0.003620292
Cer AP t42:1,0.000457883,0.000490894,0.000489239
Cer AP t43:0,0.002001457,0.001380369,0.002616747
Cer AP t44:1,0.000449105,0.000392715,0.000482792
Cer AP t45:1,0.000389588,0.000475029,0.000413756
Cer AP t46:0,0.004091088,0.00522987,0.005584034
Cer AP t46:1,0.000432286,0.000527285,0.00050591
Cer AP t46:2,0.000077574,8.25432E-05,7.70408E-05
Cer AP t47:0,0.001167425,0.001640862,0.00142497
Cer AP t48:0,0.002720693,0.00236852,0.003499625
Cer AP t48:1,0.000370316,0.000424167,0.000347378
Cer AP t50:0,0.001154083,0.001133025,0.001458675
Cer AP t51:0,6.11667E-05,0.000104497,0.000124012
Cer AP t52:1,0.000157399,0.000327003,0.000518405
Cer AP t52:2,7.20889E-05,6.61889E-05,6.70412E-05
Cer AS d14:1 14:0,2.05889E-05,2.46444E-05,4.39444E-05
Cer AS d16:1 13:0,5.45444E-05,5.79002E-05,5.75389E-05
Cer AS d16:1 14:0,0.001165604,0.001376335,0.001567705
Cer AS d16:1 16:0,0.017987853,0.018099132,0.020740617
Cer AS d16:1 17:0,0.001147552,0.000967962,0.001349911
Cer AS d16:1 20:0,0.000920991,0.000867831,0.000909143
Cer AS d16:1 24:0,0.000436124,0.000362823,0.000476922
Cer AS d17:1 14:0,0.001396749,0.001573562,0.00152715
Cer AS d17:1 16:0,0.013636481,0.014122879,0.014589013
Cer AS d17:1 32:1,0.000161661,0.000178437,0.000274085
Cer AS d18:1 16:0,0.011335711,0.011839743,0.011788268
Cer AS d18:2 20:0,0.00001555,0.0000246,0.00001932
Cer AS d19:1 16:0,0.000228827,0.000188549,0.00021361
Cer AS d20:1 23:0,0.000266046,0.000186626,0.000268238
Cer AS d28:1 20:0,0.000205397,0.000415212,0.000511329
Cer AS d29:1 15:0,0.000136458,0.000198601,0.000153719
Cer AS d31:1,0.002168115,0.001953776,0.002054264
Cer AS d32:1,0.019413026,0.021332235,0.022268805
Cer AS d32:2,0.0000151,3.68333E-05,0.00003512
Cer AS d34:1,0.00053402,0.000547219,0.000567304
Cer AS d34:2,0.000230761,0.000280988,0.000357492
Cer AS d35:1,0.000287324,0.000329047,0.000329159
Cer AS d36:1,0.001835262,0.001941978,0.002148672
Cer AS d37:1,0.00047444,0.000530324,0.000594231
Cer AS d38:1,0.001352402,0.001464711,0.001526495
Cer AS d39:1,0.000354382,0.000370988,0.000420614
Cer AS d40:1,0.002797035,0.002733602,0.003557197
Cer AS d40:2,0.000179476,0.000163022,0.000355044
Cer AS d41:1,0.001008633,0.001074412,0.001200525
Cer AS d42:1,0.001586913,0.00163145,0.001773476
Cer AS d42:2,0.000546085,0.000457844,0.00064544
Cer AS d43:1,0.000942468,0.001035392,0.001240049
Cer AS d44:1,0.001534447,0.002131485,0.002081075
Cer AS d44:2,0.000158081,0.000154028,0.000190706
Cer AS d46:1,0.000988737,0.000722442,0.001179809
Cer AS d46:2,0.000128399,0.000118077,0.000144593
Cer AS d47:1,0.001044527,0.000950244,0.001410222
Cer AS d48:1,0.001167717,0.001332072,0.001392791
Cer AS d49:1,0.001650863,0.001334562,0.002074538
Cer AS d50:2,0.000296423,0.000240032,0.000353437
Cer AS d51:1,0.00033925,0.000478579,0.000721289
Cer AS d52:2,0.000829052,0.001056552,0.001200168
Cer BDS d16:0 19:0,0.001813097,0.001575837,0.002073291
Cer BDS d16:0 20:0,0.003096764,0.002327951,0.002933981
Cer BDS d16:0 24:0,0.000418331,0.000335041,0.000520798
Cer BDS d17:0 16:0,0.000421844,0.000524009,0.000567103
Cer BDS d17:0 20:0,0.002917282,0.002203215,0.003157283
Cer BDS d18:0 16:0,0.000731424,0.00097834,0.000989582
Cer BDS d18:0 17:0,0.000264141,0.000335159,0.00045338
Cer BDS d18:0 20:0,0.004985784,0.003888973,0.005349147
Cer BDS d19:0 16:0,5.20673E-05,0.0000429,5.59557E-05
Cer BDS d28:0 20:0,0.004984404,0.003433768,0.005886642
Cer BDS d50:0,0.002217217,0.001664511,0.003037591
Cer BS d16:1 15:0,0.00178258,0.001762016,0.001789981
Cer BS d16:1 16:0,0.000170702,0.00017529,0.000221323
Cer BS d16:1 19:0,0.000380233,0.0004,0.000431666
Cer BS d16:1 21:0,0.000232447,0.000306489,0.000338445
Cer BS d16:1 23:0,0.000239984,0.000198361,0.000296831
Cer BS d16:1 23:1,0.000231471,0.000266083,0.000337228
Cer BS d16:1 24:0,0.000849079,0.001228883,0.001213785
Cer BS d16:1 26:1,0.000370775,0.000500438,0.00071673
Cer BS d17:1 16:0,0.001268659,0.001404843,0.001413579
Cer BS d17:1 19:0,0.001420742,0.001682655,0.001554675
Cer BS d17:1 20:0,0.000456126,0.000362497,0.000463262
Cer BS d17:1 24:0,0.000453657,0.000609201,0.000639684
Cer BS d18:1 16:0,0.000694899,0.000964804,0.001100039
Cer BS d18:1 19:0,0.000351065,0.000281783,0.000349445
Cer BS d19:1 20:0,0.000181258,0.000111711,0.000184427
Cer BS d19:1 24:0,0.000245924,0.000220375,0.000246891
Cer BS d48:1,0.001181183,0.000909116,0.001096006
Cer EODS d14:0 16:2 16:0,0.000472647,0.000336515,0.00050493
Cer EODS d15:0 16:2 18:0,0.000291065,0.00058382,0.000651756
Cer EODS d15:0 19:0 16:0,0.000439314,0.000590041,0.000603331
Cer EODS d17:0 15:1 22:0,0.000658678,0.000500269,0.000639587
Cer EODS d17:0 16:0 22:0,0.000342209,0.000685731,0.000930801
Cer EODS d17:0 21:0 16:0,0.000486773,0.000825652,0.00085346
Cer EODS d17:0 21:1 22:0,0.00038147,0.000285569,0.000461901
Cer EODS d18:0 15:1 20:0,0.000158493,0.000231694,0.000210468
Cer EODS d18:0 34:2 18:2,0.000801415,0.001938827,0.002262086
Cer EODS d19:0 13:1 16:1,9.44276E-05,5.92444E-05,7.32299E-05
Cer EODS d19:0 15:1 16:1,0.000124362,7.63241E-05,0.000127867
Cer EODS d23:0 27:1 22:0,0.000399687,0.000304647,0.000292477
Cer EODS d24:0 22:0 22:0,0.00111889,0.000712567,0.0008354
Cer EODS d46:1,3.04056E-05,4.41233E-05,6.17428E-05
Cer EODS d48:1,0.000329017,0.000289852,0.000299225
Cer EODS d48:2,4.80556E-05,4.52544E-05,3.58922E-05
Cer EODS d52:0,0.000156885,0.000352083,0.000503112
Cer EODS d52:1,9.57861E-05,5.08544E-05,9.09367E-05
Cer EODS d54:0,0.000123131,0.000147343,0.000208709
Cer EODS d55:0,0.000456577,0.000291869,0.000482071
Cer EODS d55:1,0.000351252,0.000437957,0.000521263
Cer EODS d56:0,0.000250898,0.000437804,0.000599181
Cer EODS d60:0,0.001968489,0.00112649,0.002174788
Cer EODS d63:3,2.85111E-05,6.97991E-05,0.000135985
Cer EODS d65:3,0.000270967,0.000181994,0.000328361
Cer EODS d68:4,0.000360051,0.000941324,0.001100916
Cer EODS d69:3,0.00155361,0.001320638,0.001799133
Cer EODS d69:4,0.000268931,0.000656774,0.000774264
Cer EODS d72:1,0.000133685,0.000298487,0.000381893
Cer EOS d18:1 30:0 18:2,0.00041738,0.00110477,0.001564906
Cer EOS d20:1 30:1 18:2,0.000938999,0.000825021,0.001124517
Cer EOS d21:1 25:1 18:2,0.000013795,2.46075E-05,2.13667E-05
Cer EOS d21:1 29:0 18:2,0.001613872,0.001387584,0.002079627
Cer EOS d21:1 32:1 18:2,0.000553472,0.001004526,0.001121465
Cer EOS d25:1 21:0 18:2,0.000292089,0.000533615,0.000665091
Cer EOS d26:1 23:0 18:2,0.000342456,0.000848074,0.001168575
Cer EOS d49:2,0.000125455,6.65376E-05,0.000108343
Cer EOS d53:1,0.000276369,0.000241761,0.000290729
Cer EOS d56:1,0.000596365,0.000698249,0.000823283
Cer EOS d63:3,0.000007212,1.65014E-05,1.96222E-05
Cer EOS d65:3,0.000118122,0.000273741,0.000405692
Cer EOS d66:3,0.001170189,0.000988896,0.001392319
Cer EOS d67:4,0.000138987,0.000154747,0.000266356
Cer EOS d67:5,2.32143E-05,4.91333E-05,6.80424E-05
Cer EOS d68:3,0.000831911,0.002002819,0.00282654
Cer EOS d69:5,1.71922E-05,1.92563E-05,0.000038545
Cer EOS d70:4,0.001436704,0.001328971,0.001846857
Cer EOS d71:3,0.000972772,0.000821971,0.001055461
Cer EOS d72:4,0.002522127,0.002628474,0.002903062
Cer EOS d72:5,0.000200525,0.000435872,0.000550162
Cer NDS d15:0 20:0,0.000966303,0.000863832,0.001098648
Cer NDS d16:0 16:0,0.0003155,0.000444594,0.000475024
Cer NDS d16:0 18:2,0.000174057,0.000261106,0.000540263
Cer NDS d16:0 20:0,0.005260025,0.005232355,0.005757355
Cer NDS d16:0 24:0,0.005467904,0.00825463,0.009278114
Cer NDS d17:0 16:0,0.001234024,0.001280116,0.001509076
Cer NDS d17:0 20:0,0.004078284,0.004268587,0.004822996
Cer NDS d17:0 22:0,0.003829913,0.004269432,0.005091577
Cer NDS d18:0 16:0,0.002380966,0.002932788,0.002810333
Cer NDS d18:0 20:0,0.007559499,0.005619381,0.007313789
Cer NDS d18:0 24:1,0.00030005,0.000404813,0.000393546
Cer NDS d19:0 30:1,0.000851971,0.002403283,0.003655931
Cer NDS d19:0 32:1,0.000130471,0.000495454,0.000919764
Cer NDS d19:0 32:2,0.000386903,0.000598084,0.000606605
Cer NDS d20:0 32:2,0.001296481,0.001647259,0.002103825
Cer NDS d20:0 34:2,0.000164625,0.000517632,0.000610033
Cer NDS d21:0 20:0,0.00750704,0.005822807,0.00865841
Cer NDS d22:0 24:0,3.25667E-05,0.000150624,
Cer NDS d22:0 26:0,3.58625E-05,0.000129038,0.000175985
Cer NDS d23:0 28:0,6.26227E-05,0.000210087,0.000331354
Cer NDS d32:0,0.000518672,0.00041163,0.000452813
Cer NDS d35:0,0.000881492,0.00113872,0.001267318
Cer NDS d38:0,0.004477814,0.006092399,0.005921097
Cer NDS d40:0,0.009303368,0.007225549,0.01044838
Cer NDS d41:0,0.004213979,0.006913144,0.008490363
Cer NDS d42:0,0.006502158,0.010015229,0.011233865
Cer NDS d42:2,0.001108453,0.002003265,0.002112972
Cer NDS d44:1,0.006754177,0.005422908,0.007750671
Cer NDS d45:0,0.005485909,0.008443458,0.009955889
Cer NDS d45:1,0.003345842,0.002802875,0.003976655
Cer NDS d46:0,0.011466272,0.01287687,0.018030272
Cer NDS d46:1,0.006849645,0.005696932,0.007978765
Cer NDS d47:0,0.0027894,0.003493447,0.004946542
Cer NDS d48:0,0.003404125,0.003804766,0.005734722
Cer NDS d48:1,0.006320148,0.007075229,0.009533771
Cer NDS d49:0,0.00075042,0.000924072,0.001405116
Cer NDS d49:1,0.003695858,0.002505492,0.004425857
Cer NDS d50:0,0.000912009,0.00054494,0.001010631
Cer NDS d50:1,0.005910507,0.006851469,0.009683316
Cer NDS d50:2,0.000602001,0.001205614,0.001184286
Cer NDS d52:1,0.00270223,0.002149205,0.003343931
Cer NP t14:2 34:0,0.000178271,0.000207407,0.000222266
Cer NP t16:0 31:1,0.000251673,0.000279088,0.00019966
Cer NP t17:0 14:0,2.25333E-05,2.45778E-05,2.80667E-05
Cer NP t17:0 16:0,0.000390846,0.000398711,0.000443647
Cer NP t17:0 20:0,0.002866441,0.004028656,0.004338432
Cer NP t17:0 22:0,0.002074277,0.002867254,0.003441528
Cer NP t17:0 22:1,0.000294497,0.000400368,0.000420988
Cer NP t17:0 24:0,0.002452219,0.003981425,0.004954023
Cer NP t17:0 26:0,0.003467536,0.00222925,0.004101074
Cer NP t18:0 16:0,0.000734819,0.000984659,0.000990683
Cer NP t18:0 20:0,0.004627293,0.006162681,0.007140253
Cer NP t18:0 24:2,4.35256E-05,7.26999E-05,6.93971E-05
Cer NP t19:0 24:0,0.001713317,0.002350533,0.002697595
Cer NP t21:1 28:0,9.71193E-05,0.000169508,0.00030393
Cer NP t22:0 24:0,0.00665923,0.010008926,0.012202662
Cer NP t22:0 28:0,0.001922394,0.003350162,0.004219303
Cer NP t22:0 30:0,0.001204835,0.000840352,0.001447367
Cer NP t36:0,0.000160318,0.000111505,0.000145904
Cer NP t36:1,0.000599324,0.000752131,0.00105799
Cer NP t37:0,0.00376677,0.004562363,0.005312618
Cer NP t38:1,0.000565384,0.000705612,0.000727401
Cer NP t40:0,0.00430585,0.006672853,0.007635757
Cer NP t40:2,0.0000412,0.00002775,3.38556E-05
Cer NP t41:0,0.003370866,0.002681078,0.003732297
Cer NP t41:1,0.000741415,0.001002421,0.000984471
Cer NP t42:0,0.004649395,0.007215678,0.008753686
Cer NP t45:0,0.002403218,0.003208066,0.003570803
Cer NP t45:2,8.74484E-05,0.000106276,0.000110303
Cer NP t46:1,0.000988998,0.000669006,0.000739169
Cer NP t46:2,9.24503E-05,0.000144285,0.000147487
Cer NP t47:0,0.002596007,0.003899948,0.00439439
Cer NP t47:1,0.000182449,0.000179528,0.000270178
Cer NP t48:1,0.000311386,0.000196724,0.000653897
Cer NP t49:1,0.000287873,0.000399717,0.000427289
Cer NP t50:1,0.001826785,0.001977012,0.00238733
Cer NP t50:2,0.000147394,0.000197925,0.000302802
Cer NP t53:1,8.62607E-05,0.000088676,0.000121864
Cer NP t53:2,7.44661E-05,5.76746E-05,9.40006E-05
Cer NP t54:1,0.000235913,0.000189545,0.000296148
Cer NP t54:2,0.000111501,0.00014711,0.000158573
Cer NS d16:1 16:0,0.000917774,0.000946671,0.001115408
Cer NS d16:1 16:1,4.46814E-05,3.11059E-05,7.62429E-05
Cer NS d16:1 18:1,0.00021564,0.000431998,0.000609579
Cer NS d16:1 19:0,0.000921815,0.000891067,0.001091048
Cer NS d16:1 20:0,0.007566089,0.00823452,0.009614077
Cer NS d16:1 22:0,0.005599707,0.005903317,0.006913815
Cer NS d16:1 24:0,3.50667E-05,4.61222E-05,5.64889E-05
Cer NS d16:1 26:0,3.70222E-05,4.81222E-05,0.0000607
Cer NS d16:1 28:0,0.003536083,0.005407791,0.006929846
Cer NS d17:1 14:0,0.000218726,0.000263225,0.000273363
Cer NS d17:1 16:0,0.001280457,0.001037001,0.001413693
Cer NS d17:1 16:1,1.11175E-05,0.0000141,1.52667E-05
Cer NS d17:1 18:0,0.000828496,0.001113718,0.001145316
Cer NS d17:1 20:0,0.003378901,0.003639167,0.004340595
Cer NS d17:1 22:0,0.001810892,0.001309763,0.001904053
Cer NS d17:1 24:0,0.002441485,0.002546928,0.003163969
Cer NS d17:1 28:0,0.00001746,2.86375E-05,2.92444E-05
Cer NS d18:1 16:0,0.003339536,0.004426734,0.00558708
Cer NS d18:1 16:1,0.0000085,0.0000128,0.00001159
Cer NS d18:1 17:0,,,0.0000123
Cer NS d18:1 24:1,0.001107976,0.001748707,0.002165197
Cer NS d20:1 26:0,3.58778E-05,4.32111E-05,6.05444E-05
Cer NS d20:1 30:1,0.001238708,0.001023309,0.001412796
Cer NS d21:1 28:0,0.000019595,3.63625E-05,4.45333E-05
Cer NS d21:1 30:0,,0.000019315,2.60025E-05
Cer NS d22:1 28:0,4.34667E-05,6.21222E-05,8.64351E-05
Cer NS d22:1 29:0,0.000135006,0.000521924,0.000923592
Cer NS d22:1 30:0,1.56411E-05,2.36444E-05,3.36667E-05
Cer NS d22:1 30:1,0.000018025,2.91378E-05,2.93578E-05
Cer NS d22:1 32:2,0.00007735,0.00013386,0.000165303
Cer NS d23:2 29:1,2.89267E-05,3.54056E-05,4.43539E-05
Cer NS d35:1,0.000828573,0.001114852,0.001149126
Cer NS d36:2,0.000125038,0.000243375,0.000388525
Cer NS d37:1,2.08889E-05,2.57889E-05,2.80556E-05
Cer NS d39:1,0.002004558,0.002617667,0.002876102
Cer NS d40:1,0.005463146,0.006192634,0.007620333
Cer NS d40:2,0.000496686,0.000712932,0.000687061
Cer NS d44:1,3.69222E-05,4.64889E-05,0.0000583
Cer NS d46:1,0.003796704,0.005374295,0.006496818
Cer NS d47:1,0.001518944,0.002684519,0.003290475
Cer NS d48:1,4.26444E-05,6.13333E-05,8.39783E-05
Cer NS d48:2,0.000824505,0.000735393,0.000859218
Cer NS d49:1,0.000232788,0.000533141,0.000528526
Cer NS d52:1,0.000666401,0.001287732,0.001251756
Cer NS d52:2,7.25731E-05,0.000110307,9.93248E-05
Cer NS d54:3,0.00011087,0.000122739,0.000136563
Cer NS d56:3,0.00002906,6.71032E-05,0.000095733
DG 16:0 16:1,4.50111E-05,3.97222E-05,2.23875E-05
DG 16:0 18:0,0.000124159,0.000146988,0.00014662
DG 16:0 18:1,9.64173E-05,9.76926E-05,0.0001171
DG 16:1 16:1,2.67333E-05,0.0000271,
DG 18:0 18:0,0.000203029,0.000231365,0.000209921
DG 18:0 18:1,2.60444E-05,0.0000317,2.91444E-05
DG 18:1 18:1,6.45556E-05,6.38859E-05,7.32222E-05
DG 18:1 18:2,4.41444E-05,4.28333E-05,4.94111E-05
DG 23:3,,,0.000038
DG 27:4,,,0.00000682
DG 30:1,,,0.0000221
DG 30:5,0.000165864,0.000164258,0.000138874
DG 31:1,1.89667E-05,,2.66333E-05
DG 32:0|DG 16:0 16:0,0.00007433,7.54366E-05,6.67022E-05
DG 32:1|DG 14:0 18:1,3.42625E-05,0.00002828,3.88875E-05
DG 34:0|DG 16:0 18:0,0.000290993,0.000325548,0.000298434
DG 34:1|DG 16:0 18:1,0.000111823,0.000126106,0.000178669
DG 34:2|DG 16:0 18:2,6.36557E-05,6.82554E-05,8.52759E-05
DG 34:3,0.00000806,,0.0000164
DG 36:0|DG 18:0 18:0,0.000561124,0.000586564,0.000531651
DG 36:1|DG 18:0 18:1,0.0000457,3.52444E-05,5.53007E-05
DG 36:2|DG 18:1 18:1,0.000100949,0.000111635,0.000145406
DG 36:3|DG 18:1 18:2,7.64129E-05,7.68654E-05,9.08906E-05
DG 36:4|DG 18:2 18:2,3.21429E-05,3.08333E-05,3.36625E-05
DG 37:3,,,0.0000314
DG 38:1,,,0.00000523
DG 38:2,0.0000295,0.0000283,0.00003168
DG 38:3,0.00001992,0.0000182,0.0000433
DG 38:4|DG 18:0 20:4,2.62875E-05,0.000026,1.84333E-05
DG 39:3,,,0.0000277
DG 40:5,0.000024325,0.0000326,0.0000326
DG 40:6,,0.0000275,3.81667E-05
DG 40:9,8.38226E-05,7.98906E-05,5.33667E-05
DG 41:2,0.000009315,0.000024,0.0000524
DG 42:1,,,0.00000883
DG 42:4,,0.0000191,0.0000084
DG 43:2,0.0000236,0.0000291,4.56667E-05
DG 43:3,0.000020475,0.0000413,3.52333E-05
DG 43:7,,,0.0000402
DG 43:8,,,0.0000404
DG 44:12,5.96333E-05,8.86297E-05,0.000067167
DG 45:3,3.53625E-05,0.0000322,4.72386E-05
DG 45:4,0.000017864,1.99429E-05,1.62767E-05
DG 45:9,,,0.000013
DG 46:8,0.00001862,1.88225E-05,3.25817E-05
DG 47:7,0.0000464,4.14889E-05,3.74333E-05
DG 47:8,5.18729E-05,5.50008E-05,5.40739E-05
DG 47:9,0.000012875,0.000015956,2.68833E-05
DG 48:7,3.30283E-05,0.00003215,0.00005245
DG 48:8,5.43125E-05,0.00006405,0.000076213
DG 48:9,0.000026075,0.0000324,0.000026312
DG 49:10,0.0000223,0.0000217,2.14667E-05
DG 49:13,7.7325E-06,0.00001043,0.00001367
DG 49:7,6.13667E-05,5.54444E-05,4.73222E-05
DG 49:8,0.000188146,0.00017173,0.000188737
DG 49:9,0.00013376,0.000125183,0.000130556
DG 50:9,3.24111E-05,0.00004315,0.0000425
DG 51:10,0.0000235,3.20111E-05,0.000026
DG 51:8,0.000222579,0.0002172,0.00022476
DGCC 34:2,8.09078E-05,7.68348E-05,7.23619E-05
DGGA 34:1|DGGA 16:0 18:1,3.41211E-05,0.00002563,3.52111E-05
DGGA 36:2|DGGA 18:1 18:1,0.000567339,0.000642855,0.000536973
DGTS 16:0 18:1,0.000024,0.0000286,2.65667E-05
DGTS 16:0 22:2,8.21429E-05,9.37531E-05,8.39554E-05
DGTS 18:1 18:1,3.25778E-05,0.000035825,3.34889E-05
DGTS 18:1 19:1,9.54611E-05,0.000110736,9.86399E-05
DGTS 35:1|DGTS 16:0 19:1,9.25451E-05,0.000100034,7.78266E-05
DGTS 36:1|DGTS 18:0 18:1,9.60946E-05,0.000108102,9.20348E-05
DGTS 37:2,0.000213855,0.000238377,0.000200028
DGTS 38:2|DGTS 19:1 19:1,0.000222261,0.000237677,0.000211725
DGTS 46:5,0.00001327,1.55967E-05,0.00001368
EOS(d9) (d18:1-d9/32:0/18:2),0.00001377,0.000015066,0.00002013
EtherOxPC 18:0e 20:3+1O,0.000311453,0.000207398,7.21952E-05
EtherPC 16:1e 16:0,0.000491212,0.000357189,0.000409038
EtherPC 16:1e 18:1,6.63376E-05,7.14367E-05,2.81501E-05
EtherPC 16:1e 18:2,0.000102162,0.000150343,0.00014771
EtherPC 16:1e 20:4,0.000169264,0.000177311,0.000131694
EtherPC 18:0e 20:4,7.22271E-05,0.0000537,3.84667E-05
EtherPC 18:1e 16:0,0.000321879,0.000319059,0.0002495
EtherPC 18:1e 18:2,0.000056906,6.14849E-05,9.12969E-05
EtherPC 18:1e 20:4,0.000247289,0.000242449,0.000155634
EtherPC 18:2e 18:2,0.000101643,0.000121469,0.000108029
EtherPC 18:2e 20:4,0.000143856,0.000328117,0.000232171
EtherPC 18:3e 20:4,0.00002784,7.23966E-05,5.94333E-05
EtherPE 14:1e 16:1,3.49029E-05,0.00003072,9.09333E-06
EtherPE 14:1e 20:4,4.99333E-05,3.52056E-05,0.00002425
EtherPE 16:1e 16:1,0.000180388,0.000143147,0.000134866
EtherPE 16:1e 18:1,0.000348781,0.000299282,0.000225813
EtherPE 16:1e 18:2,0.000532196,0.00040122,0.000333358
EtherPE 16:1e 20:4,0.001384363,0.001077661,0.00074345
EtherPE 16:1e 22:4,0.000316921,0.000262775,0.000182944
EtherPE 16:2e 18:2,7.70309E-05,3.71444E-05,1.49138E-05
EtherPE 18:1e 18:1,0.00044008,0.00023071,0.000315275
EtherPE 18:1e 18:2,0.001292636,0.000869861,0.000397527
EtherPE 18:1e 20:3,0.000171944,9.37054E-05,6.52458E-05
EtherPE 18:1e 20:4,0.00196516,0.001621323,0.001069957
EtherPE 18:1e 22:4,0.000306353,0.000259917,0.000219593
EtherPE 18:1e 22:5,0.000361325,0.000288127,0.00023559
EtherPE 18:2e 18:2,0.000626176,0.000455433,0.000265916
EtherPE 18:2e 20:4,0.002202587,0.001751881,0.001174358
EtherPE 18:2e 22:4,0.000244359,0.000230673,0.000158703
EtherPE 18:2e 22:6,5.93314E-05,4.72111E-05,3.42889E-05
EtherPE 18:3e 18:2,0.0000409,0.00004195,2.61275E-05
EtherPE 18:3e 20:4,0.000386501,0.000213252,0.000156011
EtherPE 40:7e,0.000249722,0.000223653,0.000166546
FA 16:0,0.001117337,0.001304812,0.00129344
FA 16:1,0.000362444,0.000541083,0.000507584
FA 17:0,0.000129046,0.000138793,0.000118071
FA 18:0,0.001249625,0.001367827,0.001723559
FA 18:1,0.001070003,0.002049859,0.003171384
FA 18:2,0.000435224,0.000925081,0.001336741
FA 19:0,,,0.000019575
FA 20:0,0.000242889,0.000248076,0.000344713
FA 20:1,0.00019215,0.000258458,0.000557923
FA 20:2,2.87889E-05,7.45263E-05,0.000168342
FA 20:3,2.92833E-05,8.87009E-05,0.000142742
FA 20:5,0.0000302,0.00001645,
FA 20:6,4.92566E-05,0.0000193,0.00000588
FA 21:0,7.17076E-05,8.38864E-05,0.000119536
FA 22:0,0.001002523,0.001026015,0.001310284
FA 22:1,0.000407385,0.000335294,0.000609783
FA 22:2,,1.89833E-05,2.18167E-05
FA 22:4,5.70889E-05,0.000167482,0.000248763
FAHFA 16:0 18:2,6.42111E-05,8.66572E-05,7.48162E-05
FAHFA 16:0 2:0,3.10111E-05,3.37667E-05,3.83444E-05
FAHFA 16:1 16:1,0.00001299,0.00001248,9.80478E-05
FAHFA 16:1 18:3,1.72967E-05,3.09188E-05,0.000032225
FAHFA 16:1 8:0,0.000025242,,0.0000408
FAHFA 16:1 9:0,0.000016872,,0.00001785
FAHFA 18:0 20:2,6.14111E-05,7.58444E-05,0.000111277
FAHFA 18:1 20:3,4.52667E-05,0.000101129,0.000165835
FAHFA 2:0 18:0,1.11044E-05,1.53744E-05,0.0000176
FAHFA 20:1 20:2,1.80778E-05,2.87333E-05,4.93444E-05
FAHFA 24:0 2:0,2.46222E-05,2.24556E-05,0.0000192
GlcADG 14:0 18:5,4.84111E-05,1.68122E-05,1.59371E-05
GlcADG 18:1 18:1,0.000256039,0.00031102,0.000249796
HexCer AP t18:0 16:0,0.000077947,0.000100875,0.000124595
HexCer AP t25:1 30:1,0.0000369,7.28923E-05,6.53333E-05
HexCer NDS d36:1,0.0000774,6.82766E-05,6.15491E-05
HexCer NDS d40:1,5.94489E-05,5.38814E-05,6.42217E-05
HexCer NDS d42:0,0.000250971,0.000163754,0.000295273
LPC 16:0/0:0,8.48512E-05,6.09167E-05,4.54056E-05
LPC 16:1/0:0,6.09996E-05,3.17722E-05,1.78107E-05
LPC 18:0/0:0,9.89388E-05,9.23046E-05,5.61195E-05
LPC 18:1/0:0,6.72556E-05,5.60167E-05,5.03333E-05
LPC 18:1/0:0(d7),0.001013,0.00108646,0.000984752
LPC 18:2/0:0,6.74271E-05,5.54889E-05,5.62211E-05
LPC 20:4/0:0,1.55075E-05,0.00001874,0.000015
LPE 16:0,1.78556E-05,0.0000139,
LPE 16:1,2.98956E-05,1.87667E-05,
LPE 18:0,4.19889E-05,4.08056E-05,3.89889E-05
LPE 18:1,2.33638E-05,1.78364E-05,0.00001824
LPE 18:1(d7),0.000214996,0.000230526,0.00020435
LPE 18:2,2.87769E-05,1.89154E-05,1.77417E-05
LPE 20:4,2.64714E-05,2.13188E-05,1.47842E-05
NAE 22:0,0.000125299,0.000211007,0.000192748
NAE 22:3,,,0.0000363
NAE 22:4,4.72889E-05,3.59444E-05,3.90014E-05
NAE 22:5,3.14083E-05,0.00002126,2.24157E-05
NAE 24:0,0.00002055,,0.0000276
NAE 25:1,0.0000517,1.68867E-05,0.000016458
NAE 26:5,0.000295961,0.000389264,0.000384147
NAE 9:0,0.00000773,1.23333E-05,0.00000917
PC 14:0 14:0,0.000151605,9.10568E-05,0.000159948
PC 14:0 16:0,0.000221928,0.000211514,0.000164597
PC 14:0 16:1,0.000372687,0.000150027,8.57866E-05
PC 14:1 16:1,0.000279504,0.000029875,
PC 15:0 16:1,0.000116967,7.76655E-05,
PC 15:0 18:1,0.000237528,0.000225044,0.00019403
PC 15:0 18:1(d7),0.009830635,0.01088448,0.009274734
PC 15:0 18:2,0.000148034,0.000129547,0.000107276
PC 16:0 16:0,0.001145451,0.001139222,0.000830137
PC 16:0 16:1,0.001831683,0.000753752,0.000471557
PC 16:0 17:0,2.01044E-05,0.00004112,3.51667E-05
PC 16:0 18:0,0.000189428,0.000271111,0.000187643
PC 16:0 18:1,0.00305383,0.002770929,0.001889783
PC 16:0 18:2,0.002851144,0.002070818,0.001283582
PC 16:0 19:1,0.000107759,0.000117872,8.63137E-05
PC 16:0 20:4,0.000714619,0.000554899,0.000259494
PC 16:1 16:1,0.002149132,0.00039308,0.000106383
PC 16:1 18:2,0.00020126,0.00011857,7.72143E-05
PC 16:1 20:4,3.45889E-05,2.92556E-05,2.06125E-05
PC 16:1 24:1,0.000062905,5.25097E-05,1.26957E-05
PC 17:0 16:1,0.00012515,0.00001305,0.00000707
PC 17:0 18:1,0.000241424,0.000142167,0.000155835
PC 18:0 18:1,0.001890399,0.001568056,0.000908033
PC 18:0 18:2,0.004590794,0.003215244,0.001731316
PC 18:0 20:3,0.000446874,0.000402528,0.000250149
PC 18:0 20:4,0.001189485,0.000929991,0.000473268
PC 18:0 22:4,9.87581E-05,0.000121761,0.000072501
PC 18:1 18:2,0.002158111,0.001194486,0.000566404
PC 18:1 20:4,0.000519143,0.000401247,0.000159383
PC 18:2 18:2,0.000321907,0.000191051,9.85352E-05
PC 18:2 20:2,0.000314591,0.000626852,0.000291911
PC 18:2 20:4,0.000139485,9.81097E-05,3.19235E-05
PC 19:0 18:2,0.000110863,6.11711E-05,5.49189E-05
PC 20:1 20:4,8.21026E-05,5.48667E-05,2.77111E-05
PC 20:2 20:4,7.49786E-05,4.57622E-05,2.41543E-05
PC 20:4 20:4,3.32778E-05,4.11333E-05,2.08889E-05
PC 22:0 18:1,0.0000752,0.00002982,0.0000215
PC 22:1 18:2,2.14963E-05,2.23544E-05,1.79256E-05
PC 30:0,0.000010075,,
PC 30:2,0.000013075,,
PC 32:0|PC 16:0 16:0,0.000031932,0.000021955,0.00002582
PC 32:2,0.000051225,,
PC 34:1,7.59059E-05,4.49425E-05,3.36578E-05
PC 34:2,0.000031,0.0000415,4.31026E-05
PC 35:2,0.000231726,0.000173091,0.000124
PC 36:1,2.77667E-05,1.91333E-05,0.000014705
PC 36:2,0.000191153,5.46477E-05,4.01786E-05
PC 36:3,0.000025,0.0000154,
PC 36:4,0.0000379,0.0000181,
PC 37:1,0.000299994,0.000368506,0.000306089
PC 37:2,0.000069784,9.35062E-05,0.000055475
PC 38:1,7.15233E-05,0.000048088,0.000008585
PC 38:2,0.000326688,0.000129767,4.51333E-05
PC 38:4,0.00002605,0.0000189,
PC 38:5,2.13778E-05,,
PC 40:2,8.73427E-05,3.22213E-05,0.00000246
PC 40:5,6.93111E-05,8.15843E-05,3.33889E-05
PC 42:2,0.000018,0.00001685,0.00001569
PC O-34:3,4.51954E-05,2.62467E-05,4.08549E-05
PC O-38:5,0.0000359,4.19678E-05,
PE 14:0 16:1,5.96264E-05,0.000018386,
PE 14:1 16:1,7.94583E-05,0.0000158,
PE 15:0 16:1,5.69841E-05,0.00002711,0.000008215
PE 15:0 18:1(d7),0.000610087,0.000650708,0.000631125
PE 15:1 16:1,3.90489E-05,0.0000181,
PE 16:0 16:1,0.000736957,0.000297021,0.000115688
PE 16:0 18:0,0.0000375,4.56556E-05,3.77875E-05
PE 16:0 18:1,0.000513247,0.000363875,0.000279539
PE 16:0 18:2,0.000271385,0.000304071,0.000353145
PE 16:0 20:4,0.000160134,0.000142047,9.57987E-05
PE 16:1 16:1,0.002190042,0.000396854,6.69109E-05
PE 16:1 18:1,0.000749071,0.000233258,8.94006E-05
PE 16:1 18:2,0.000291477,0.000168898,0.000150204
PE 16:1 20:1,0.000730228,0.000485863,0.000209302
PE 16:1 22:1,0.000582195,0.000289882,0.000103334
PE 17:0 16:1,0.000128557,4.56231E-05,0.0000203
PE 17:0 18:2,1.87291E-05,2.52956E-05,0.000024684
PE 18:0 18:1,0.000692722,0.000640087,0.000500073
PE 18:0 18:2,0.002355102,0.002009168,0.001405555
PE 18:0 20:3,0.002326128,0.00194515,0.001305789
PE 18:0 20:4,0.001581257,0.001141479,0.000673275
PE 18:0 22:4,0.00025499,0.000225787,0.000169571
PE 18:0 22:5,0.000153491,0.000126702,6.92409E-05
PE 18:1 18:1,0.000776947,0.000439027,
PE 18:1 18:2,0.000882692,0.0006091,0.000448384
PE 18:1 20:4,0.000405346,0.000282657,0.000149707
PE 18:2 18:2,0.000159073,0.000109355,7.54829E-05
PE 18:2 20:2,0.002736165,0.001720273,0.001314339
PE 20:0 18:2,0.000140543,0.000119511,0.000122663
PE 20:0 20:4,0.0000345,2.62733E-05,1.24529E-05
PE 20:1 18:2,6.80013E-05,0.00004025,2.65667E-05
PE 34:1,0.000419036,0.000270157,0.000213291
PE 35:1,0.000113243,4.74256E-05,0.000023546
PE 36:1,6.15233E-05,8.08442E-05,6.39959E-05
PE 36:2,0.000007765,,
PE 38:1,8.88693E-05,0.0000509,3.27556E-05
PE 38:2,0.000315738,0.000200374,9.14424E-05
PE 38:4,1.32543E-05,,
PG 15:0 18:1(d7),0.002643176,0.002857229,0.002717703
PG 16:0 18:1,6.62222E-05,6.45778E-05,4.75111E-05
PG 18:1 18:2,0.00001446,3.96222E-05,4.92556E-05
PG 18:2 18:2,,3.14556E-05,2.92556E-05
PI 15:0 18:1(d7),0.000117752,0.00024727,0.000234761
PI 16:0 16:1,0.000466833,0.000130067,0.000018855
PI 16:0 20:4,7.67985E-05,7.80079E-05,3.86059E-05
PI 16:1 16:1,0.000105074,,
PI 18:0 18:1,8.92903E-05,0.000110583,3.59333E-05
PI 18:0 18:2,9.09537E-05,0.000183826,0.000120057
PI 18:0 20:2,0.0000179,0.000023938,0.0000235
PI 18:0 20:3,0.000120766,0.000148215,6.09143E-05
PI 18:0 20:4,0.001777335,0.001748046,0.000563355
PI 18:0 22:4,3.53333E-05,3.92778E-05,2.59556E-05
PI 18:0 22:5,4.32067E-05,4.06875E-05,0.00002325
PI 18:1 18:1,0.000115829,0.0000305,
PI 18:1 20:4,0.000228961,0.00019742,5.17189E-05
PI 34:1,0.000161059,6.58303E-05,5.06765E-05
PI 36:1,0.000109883,0.00003345,2.76333E-05
PI 38:2,2.24333E-05,0.000016475,0.0000151
PS 15:0 18:1(d7),4.69088E-05,0.00004668,5.96601E-05
PS 16:1 18:3,0.000189466,7.70358E-05,0.00001865
PS 18:0 18:1,0.000575965,0.000562803,0.000358652
PS 18:0 18:2,0.000306959,0.000219441,0.000156643
PS 18:0 20:3,,3.13525E-05,0.00000758
PS 18:0 20:4,0.000205065,8.06091E-05,4.88013E-05
PS 18:0 22:4,0.00011781,7.27634E-05,5.29978E-05
SE 28:2/21:1,0.00002908,0.0000408,0.000029675
SM 34:1;O2,0.0000318,2.78333E-05,0.00002832
SM 36:1;O2,0.00002265,0.00001885,0.00001797
SM d15:1 27:0,0.000008532,1.15167E-05,0.00000435
SM d17:1 18:0,0.000191266,0.000190966,0.000128197
SM d17:1 24:1,0.000182691,0.000136823,0.000120835
SM d18:1 16:0,0.003005971,0.002855568,0.00196338
SM d18:1 18:1(d9),0.00194411,0.002258682,0.002038808
SM d18:1 24:1,0.001198389,0.001263779,0.000746575
SM d32:0,,0.000008385,9.20667E-06
SM d32:1,0.000233558,0.000228694,0.000170017
SM d33:1,0.000284667,0.000317434,0.000231619
SM d34:0,0.000118363,8.46491E-05,8.30078E-05
SM d34:1,0.0000642,3.46778E-05,2.60556E-05
SM d34:2,0.000124384,0.00011248,6.93388E-05
SM d35:1,0.000220548,0.000196677,0.000171831
SM d36:1,0.000748385,0.000696868,0.000556269
SM d36:2,0.0000394,0.0000523,2.84844E-05
SM d37:1,0.000239846,0.000184103,0.000210895
SM d38:1,0.000402791,0.000337154,0.000240446
SM d39:1,0.000172208,0.000156136,0.000139434
SM d40:1,0.000648974,0.000498086,0.000301333
SM d40:2,6.11139E-05,4.63078E-05,2.12013E-05
SM d41:1,0.000339217,0.000240595,0.000217417
SM d41:2,0.000237954,0.000260052,0.000113981
SM d42:1,0.000534384,0.000415571,0.000283992
SM d42:2,0.001520281,0.001084348,0.000759185
SM d42:3,0.000320565,0.00029639,0.000188213
SM d43:2,1.95622E-05,1.49713E-05,1.28556E-05
SM d46:1,0.000014934,8.39667E-06,0.000004245
SPB 22:0;O2,0.00001245,,1.26067E-05
ST 27:1;O,0.000055525,0.0000898,6.79161E-05
ST 27:2;O,1.46867E-05,9.3275E-06,1.19767E-05
TG 12:0 12:0 18:0,4.85889E-05,3.99889E-05,3.64667E-05
TG 12:0 12:1 16:0,0.00003165,0.00003122,
TG 12:0 16:0 18:1,0.000713634,0.000369253,0.000297521
TG 12:1 16:1 18:1,0.000430283,0.00025286,0.00016004
TG 13:1 16:0 16:0,0.000049625,3.45167E-05,0.00002295
TG 13:1 16:0 16:1,6.25889E-05,0.000052125,0.00002045
TG 13:1 16:1 16:1,0.0000303,0.0000354,
TG 14:0 14:0 16:0,6.93889E-05,5.55889E-05,5.42625E-05
TG 14:0 16:0 16:0,0.000130262,9.80913E-05,9.55522E-05
TG 14:0 16:0 18:1,0.003318747,0.001903188,0.001641309
TG 14:0 16:1 18:1,0.003527731,0.00176979,0.00120086
TG 14:0 17:1 18:2,9.18148E-05,0.0000493,3.98925E-05
TG 14:0 18:1 18:2,0.010422859,0.004351016,0.003477632
TG 14:0 18:2 18:2,0.00156519,0.000689786,0.000518536
TG 14:0 18:2 18:3,0.000115978,6.68414E-05,0.00004355
TG 15:0 16:0 16:0,6.81111E-05,6.63111E-05,4.03889E-05
TG 15:0 16:0 16:1,0.000128202,9.82373E-05,5.32789E-05
TG 15:0 16:0 18:1,0.000320408,0.000179482,0.000145947
TG 15:0 16:1 16:1,7.46358E-05,8.08558E-05,1.25667E-05
TG 15:0 18:1(d7) 15:0,9.58001E-05,0.000125771,0.000131908
TG 16:0 16:0 18:0,0.000862176,0.000761291,0.000760377
TG 16:0 16:0 18:1,0.01122826,0.008032311,0.007814393
TG 16:0 16:1 18:1,0.0263102,0.013228108,0.011809133
TG 16:0 17:0 18:0,8.75187E-05,7.61412E-05,6.82889E-05
TG 16:0 17:1 18:1,0.002302755,0.001011505,0.000863364
TG 16:0 18:0 18:1,0.028757043,0.020412474,0.020024498
TG 16:0 18:1 18:1,0.052650611,0.059024789,0.046839725
TG 16:0 18:1 18:2,0.000004685,0.00000297,
TG 16:0 18:1 20:4,0.001014912,0.000522434,0.000416009
TG 16:0 18:2 20:4,0.000487768,0.000207466,0.000136772
TG 16:0 22:0 22:1,4.01778E-05,4.14889E-05,2.98889E-05
TG 16:1 16:1 16:1,0.001083846,0.000647869,0.000330595
TG 16:1 18:1 18:1,0.074937688,0.04260401,0.034068147
TG 16:1 18:1 18:2,0.024839124,0.009926894,0.007460942
TG 16:1 18:2 18:2,0.002923063,0.001205517,0.000873043
TG 16:1 18:2 18:3,0.000157532,0.0000512,4.52444E-05
TG 16:1 22:0 22:1,0.000125108,0.000125436,5.80606E-05
TG 17:0 18:0 18:1,0.000793492,0.000500513,0.000431968
TG 17:0 18:1 18:1,0.003770529,0.001807925,0.001515608
TG 17:0 18:1 20:1,0.000635367,0.00036029,0.00027464
TG 17:1 18:1 18:1,0.003555086,0.001509934,0.001208122
TG 17:1 18:1 18:2,0.001261098,0.000522439,0.000391057
TG 17:1 18:2 18:2,0.000261393,0.000107942,8.64771E-05
TG 18:0 18:0 18:1,0.003891412,0.002293861,0.002193746
TG 18:0 18:1 18:1,0.029422695,0.016784295,0.014892818
TG 18:0 18:1 20:0,0.000251643,0.000173183,0.000143333
TG 18:0 18:1 20:1,0.002172262,0.001144293,0.001017935
TG 18:1 18:1 18:1,0.047381622,0.03167857,0.026024975
TG 18:1 18:1 18:2,0.04534712,0.023281466,0.01775594
TG 18:1 18:1 19:1,0.001156213,0.000571201,0.000468254
TG 18:1 18:1 20:1,0.007100028,0.003849711,0.003377797
TG 18:1 18:1 20:2,0.004536756,0.003057124,0.002444271
TG 18:1 18:1 20:4,0.001119926,0.000469099,0.000406123
TG 18:1 18:1 22:4,0.000680029,0.000306999,0.000225414
TG 18:1 18:2 18:2,0.019272583,0.007761226,0.005377253
TG 18:1 18:2 19:1,0.000713579,0.000327923,0.000190686
TG 18:1 18:2 20:3,0.002099047,0.000965132,0.000576136
TG 18:1 18:2 20:4,0.00042032,0.000127245,0.00012393
TG 18:1 20:1 22:4,5.49111E-05,0.0000276,3.07375E-05
TG 18:2 18:2 18:2,0.004174778,0.001725111,0.001115317
TG 18:2 18:2 18:3,0.00039267,0.000173969,0.000102683
TG 20:1 22:1 22:1,4.64667E-05,5.01125E-05,2.35857E-05
TG 22:0 22:0 22:1,,0.00002285,1.14967E-05
TG 22:0 22:1 22:1,3.86189E-05,3.85375E-05,2.44683E-05
TG 22:1 22:1 22:1,6.47229E-05,7.94457E-05,2.91338E-05
TG 24:0,1.42867E-05,,
TG 26:0,0.0000441,0.0000422,0.00002091
TG 28:0,0.0000195,0.0000233,0.00000855
TG 38:1,0.0000147,0.0000326,0.000019775
TG 40:0,6.74556E-05,6.72154E-05,5.42222E-05
TG 40:1,4.98604E-05,4.90667E-05,8.07216E-05
TG 40:2,8.15222E-05,0.000093137,0.000109339
TG 41:1,0.00002835,0.00004785,5.79128E-05
TG 41:2,3.03667E-05,0.0000694,5.78508E-05
TG 42:0,6.81444E-05,6.14111E-05,5.89333E-05
TG 42:1,9.62322E-05,7.37976E-05,6.42452E-05
TG 42:2,5.87753E-05,4.32364E-05,5.29957E-05
TG 42:3,3.26714E-05,0.0000293,5.93252E-05
TG 43:0,5.25625E-05,3.64875E-05,5.03499E-05
TG 43:1,5.22699E-05,5.31721E-05,7.95517E-05
TG 43:2,5.65354E-05,4.47803E-05,8.92433E-05
TG 43:3,0.000015106,,0.000030925
TG 44:0,0.000094671,9.70027E-05,6.12943E-05
TG 44:1,0.000200199,0.000212313,0.000241179
TG 44:2,0.000268652,0.000189407,0.00019239
TG 44:3,0.000086589,6.91392E-05,8.98066E-05
TG 44:4,0.000019476,0.0000143,
TG 45:0,8.61315E-05,6.58214E-05,0.000101714
TG 45:1,0.000184301,0.000113886,0.00018859
TG 45:2,0.000158629,0.000112254,0.000182325
TG 45:3,4.41278E-05,4.45683E-05,0.000068326
TG 46:0,0.000144393,0.000170577,0.000121202
TG 46:1,0.000432782,0.000458293,0.000433277
TG 46:2,0.00086888,0.000610102,0.000610653
TG 46:2;O,0.0000268,,0.000095
TG 46:3,0.000436563,0.000305834,0.000320449
TG 46:4,7.35494E-05,5.88167E-05,3.92529E-05
TG 46:5,0.000021,0.000018025,0.000008445
TG 47:0,0.000117272,0.000121616,0.000113102
TG 47:1,0.000237238,0.000152429,0.000231581
TG 47:2,0.00038689,0.000243161,0.000417702
TG 47:3,5.99939E-05,4.73738E-05,9.54823E-05
TG 47:3;O,0.0000314,,0.000110283
TG 48:0,0.000461281,0.000428873,0.000338192
TG 48:1,0.001435719,0.002031835,0.001469846
TG 48:2,0.001497368,0.001647149,0.001596633
TG 48:2;O,0.0000422,0.0000155,4.50502E-05
TG 48:2;O2,3.68333E-05,0.0000225,0.0000109
TG 48:3,0.001064838,0.000815618,0.001125401
TG 48:3;O,0.000063275,0.000070329,9.91716E-05
TG 48:3;O2,0.0000303,0.0000134,0.000131489
TG 48:4,0.00006093,6.58148E-05,7.55159E-05
TG 48:5,0.00001602,0.00002,
TG 49:0,9.56159E-05,0.000100016,7.93645E-05
TG 49:1,0.000250823,0.000268937,0.000211167
TG 49:2,0.00030158,0.000209573,0.000165973
TG 49:3,8.40682E-05,8.23353E-05,7.44829E-05
TG 50:0,0.002345039,0.0020951,0.001554731
TG 50:1,0.01008127,0.012290083,0.009123824
TG 50:1;O,3.82333E-05,0.00001,1.03833E-05
TG 50:2,0.010662323,0.015356344,0.011004012
TG 50:2;O,0.00011952,9.28333E-05,7.24683E-05
TG 50:3,0.003673711,0.004981846,0.003614203
TG 50:3;O,5.08768E-05,6.07388E-05,5.99826E-05
TG 50:4,0.00068578,0.000854631,0.000622207
TG 50:5,4.09111E-05,5.33333E-05,0.00004205
TG 51:0,0.000208141,0.000164742,0.000143674
TG 51:1,0.00109321,0.000935522,0.000768089
TG 51:2,0.001266392,0.001561006,0.001230994
TG 51:3,0.001088955,0.000895052,0.000702007
TG 51:4,0.000100756,0.000118388,0.000117683
TG 51:5,2.67008E-05,0.000022543,0.00002028
TG 52:0,0.002123264,0.001355767,0.001260415
TG 52:1,0.040992727,0.046138608,0.034805056
TG 52:1;O,0.000181341,0.000113441,0.000108019
TG 52:2,0.085795232,0.09719939,0.076697845
TG 52:2;O,0.000275534,0.00032926,0.000306547
TG 52:3,0.049108303,0.06757211,0.04710578
TG 52:3;O,0.000754638,0.000902906,0.000750566
TG 52:4,0.023141709,0.029560934,0.020619159
TG 52:4;O,0.000159894,0.000205956,0.000164018
TG 52:5,0.001407303,0.001645239,0.001231602
TG 52:5;O,2.45833E-05,3.34333E-05,1.95167E-05
TG 52:6,0.0000573,8.84187E-05,6.72875E-05
TG 53:0,0.00011982,0.000110558,0.00052565
TG 53:1,0.001273545,0.001394112,0.001094805
TG 53:2,0.003137067,0.003829738,0.002948175
TG 53:3,0.002078269,0.002749814,0.001983657
TG 53:4,0.000872707,0.001036925,0.000779122
TG 53:5,0.000175091,0.000210605,0.000155033
TG 53:6,0.0000174,0.000023,0.00001605
TG 53:8,0.00001537,,0.00000835
TG 54:0,0.000572149,0.00035928,0.000335722
TG 54:1,0.006229429,0.007122707,0.005062424
TG 54:2,0.03259437,0.042499432,0.029071594
TG 54:2;O,0.000172672,0.00024017,0.00017809
TG 54:3,0.055598929,0.070318192,0.051443771
TG 54:3;O,0.000243337,0.000347816,0.000317596
TG 54:4,0.036342551,0.047917056,0.033245561
TG 54:4;O,0.000308443,0.00043074,0.00032658
TG 54:4;O2,0.00014379,0.00018432,0.000130434
TG 54:5,0.013732154,0.016994192,0.01196548
TG 54:5;O,0.000122982,0.000158266,0.00010285
TG 54:5;O2,0.0000358,0.0000352,0.000048387
TG 54:6,0.003179629,0.003859789,0.002620972
TG 54:6;O,1.98838E-05,3.43111E-05,2.91429E-05
TG 54:7,0.00026497,0.000309825,0.000211939
TG 55:1,0.000217015,0.000193331,0.000175693
TG 55:2,0.0008024,0.000980142,0.000696973
TG 55:3,0.001080134,0.001355165,0.001006597
TG 55:4,0.000468598,0.000610717,0.000462026
TG 55:5,0.000130614,0.000142168,0.000102168
TG 55:6,0.000026154,3.74575E-05,3.92402E-05
TG 56:1,0.000509659,0.000522786,0.00038776
TG 56:2,0.002454448,0.00317194,0.002384369
TG 56:3,0.006584063,0.009195273,0.006764546
TG 56:4,0.00666811,0.008392793,0.006149519
TG 56:5,0.004460317,0.004390178,0.003238631
TG 56:6,0.002707683,0.003260548,0.002435018
TG 56:7,0.000472592,0.000360607,0.000281229
TG 56:8,8.92344E-05,9.08263E-05,6.45227E-05
TG 57:1,0.000116546,8.76277E-05,9.68156E-05
TG 57:2,0.000231136,0.000200395,0.000216815
TG 57:3,0.000212107,0.000247463,0.00021518
TG 57:3;O2,0.00001791,1.86533E-05,0.00002325
TG 57:4,0.00008641,0.000152285,8.99607E-05
TG 57:5,1.19157E-05,3.80322E-05,0.00001624
TG 58:1,0.000130815,0.000105227,0.000106217
TG 58:2,0.000378194,0.000344023,0.000318256
TG 58:3,0.000695073,0.000621047,0.000550416
TG 58:4,0.000652055,0.000852972,0.000662974
TG 58:5,7.81813E-05,0.000595612,0.000338756
TG 58:6,0.000458864,0.000667112,0.000465189
TG 58:7,0.000433694,0.000343095,0.000255562
TG 58:8,0.000112262,9.78944E-05,6.75495E-05
TG 59:1,7.99771E-05,7.00398E-05,7.17561E-05
TG 59:2,0.000208707,0.000143261,0.000187644
TG 59:4;O2,7.18111E-05,0.000088177,5.47182E-05
TG 60:2,0.000221875,0.000182035,0.000237406
TG 60:3,0.000313732,0.000262615,0.000282065
TG 60:3;O2,0.000135969,0.000115049,0.000100492
TG 60:5,3.48286E-05,3.13833E-05,0.000040175
TG 60:6,0.0000533,8.08129E-05,6.14667E-05
TG 60:7,5.52096E-05,8.19289E-05,5.24889E-05
TG 61:2,9.87394E-05,8.20736E-05,8.24347E-05
TG 61:3,8.36454E-05,5.20629E-05,7.93183E-05
TG 62:3,0.000148737,0.000108344,0.000121305
TG 62:6,9.70667E-06,9.52667E-06,1.15871E-05
TG 63:2,6.13649E-05,0.000062587,0.0000444
TG 63:3,0.0000517,2.99713E-05,4.59944E-05
TG 64:1,0.0000483,4.24032E-05,0.00002778
TG 64:2,2.93344E-05,0.000037225,1.96938E-05
TG 64:4;O2,0.00001523,0.0000126,0.0000454
TG 65:2,0.00004476,,3.77314E-05
TG 65:3,0.000027,0.000024184,0.00003532
TG 66:0,7.12598E-05,4.97444E-05,8.11226E-05
TG 66:1,0.000024,0.0000178,0.000039025
TG 66:3,9.96347E-05,6.40368E-05,8.64166E-05
TG 68:3;O2,3.47489E-05,0.0000445,0.000041875
TG 68:5;O2,1.87283E-05,0.0000221,2.74386E-05
TG 69:3;O2,0.00003396,3.00833E-05,2.48125E-05
TG 70:6;O2,0.00002616,2.65875E-05,2.62214E-05
TG O-51:9,0.000275982,0.000181097,0.000278553
Grand Total,1.00269982,0.999999984,1.000000043