uWellPosition,uSample,Plate,Replicate,Pig,PMAxxConcentration,LHKC,LHKCorder,uCT,uCTMean,uCtSD,uQuantity,uQuantityMean,uQuantitySD,pWellPosition,pSample,pCT,pCTMean,pCtSD,pQuantity,pQuantityMean,pQuantitySD,DeltaCT,TotalBacteria,MeanTotalBacteria,ViableBacteria,MeanBiableBacteria,PercentLive,MeanPercentLive,DeltaBacteria
C8,P1-L-50,1,1,P1,50,Live,0,18.884,18.642,0.228,418.499,522.273,131.394,C15,P1-L-50p,21.596,21.592,0.005,34.907,35.021,0.196,2.95,2510992.501,3133639.925,209442.4216,210125.6798,8.341021387,6.705482595,2301550.08
C9,P1-L-50,1,2,P1,50,Live,0,18.431,18.642,0.228,633.821,522.273,131.394,C16,P1-L-50p,21.589,21.592,0.005,35.135,35.021,0.196,2.95,3802928.237,3133639.925,210810.7987,210125.6798,5.543380929,6.705482595,3592117.438
C10,P1-L-50,1,3,P1,50,Live,0,18.612,18.642,0.228,537.072,522.273,131.394,,,,,,,,,,3222431.764,3133639.925,,,,,
C11,P1-L-10,1,1,P1,10,Live,0,18.625,18.779,0.134,530.626,460.893,71.544,C19,P1-L-10p,20.105,20.04,0.092,136.779,145.15,5.945,1.261,3183758.618,2765360.089,820672.7693,870900.1496,25.7768527,31.49319154,2363085.848
C12,P1-L-10,1,2,P1,10,Live,0,18.873,18.779,0.134,422.821,460.893,71.544,C20,P1-L-10p,19.975,20.04,0.092,154.034,145.15,5.945,1.261,2536923.696,2765360.089,924201.5807,870900.1496,36.43001096,31.49319154,1612722.116
C13,P1-L-10,1,3,P1,10,Live,0,18.839,18.779,0.134,436.371,460.893,71.544,,,,,,,,,,2618223.849,2765360.089,,,,,
D8,P1-H-50,1,1,P1,50,Heated,1,17.309,17.039,0.234,"1,772.57","2,268.57",563.094,D15,P1-H-50p,18.908,18.941,0.034,409.607,397.211,14.862,1.902,10635426.5,13611417.67,2457641.275,2383267.238,23.10806507,17.50932412,8177785.222
D9,P1-H-50,1,2,P1,50,Heated,1,16.928,17.039,0.234,"2,511.12","2,268.57",563.094,D16,P1-H-50p,18.975,18.941,0.034,385.21,397.211,14.862,1.902,15066690.43,13611417.67,2311261.048,2383267.238,15.340204,17.50932412,12755429.38
D10,P1-H-50,1,3,P1,50,Heated,1,16.881,17.039,0.234,"2,622.93","2,268.57",563.094,D17,P1-H-50p,18.941,18.941,0.034,397.192,397.211,14.862,1.902,15737556.66,13611417.67,2383150.641,2383267.238,15.14307903,17.50932412,13354406.02
D11,P1-H-10,1,1,P1,10,Heated,1,17.458,17.584,0.179,"1,545.64","1,376.65",275.288,D18,P1-H-10p,21.095,21.369,0.269,55.217,42.976,13.13,3.784,9273820.479,8259914.579,331301.5117,257855.2159,3.572438268,3.121766132,8942518.967
D12,P1-H-10,1,2,P1,10,Heated,1,17.711,17.584,0.179,"1,226.15","1,376.65",275.288,D19,P1-H-10p,21.379,21.369,0.269,42.566,42.976,13.13,3.784,7356871.769,8259914.579,255398.8785,257855.2159,3.471568983,3.121766132,7101472.89
E8,P1-K-50,1,1,P1,50,HeatKilled,2,16.859,16.977,0.115,"2,676.26","2,402.57",310.796,E15,P1-K-50p,19.579,19.854,0.388,221.472,172.2,75.44,2.877,16057573.63,14415402,1328831.612,1033200.488,8.275419703,7.167337324,14728742.02
E9,P1-K-50,1,2,P1,50,HeatKilled,2,16.982,16.977,0.115,"2,390.83","2,402.57",310.796,E16,P1-K-50p,20.128,19.854,0.388,133.89,172.2,75.44,2.877,14344947.59,14415402,803338.3414,1033200.488,5.60014832,7.167337324,13541609.25
E10,P1-K-50,1,3,P1,50,HeatKilled,2,17.089,16.977,0.115,"2,167.46","2,402.57",310.796,,,,,,,,,,13004754.11,14415402,,,,,
E11,P1-K-10,1,1,P1,10,HeatKilled,2,18.244,18.176,0.298,752.079,800.508,282.09,E18,P1-K-10p,23.703,23.842,0.127,5.064,4.458,0.646,5.666,4512474.958,4803047.003,30383.61261,26747.14019,0.673324792,0.556878585,4482091.346
E12,P1-K-10,1,2,P1,10,HeatKilled,2,18.434,18.176,0.298,631.967,800.508,282.09,E19,P1-K-10p,23.871,23.842,0.127,4.341,4.458,0.646,5.666,3791801.138,4803047.003,26047.66277,26747.14019,0.686946963,0.556878585,3765753.476
E13,P1-K-10,1,3,P1,10,HeatKilled,2,17.85,18.176,0.298,"1,079.29",800.508,282.09,E20,P1-K-10p,23.953,23.842,0.127,4.03,4.458,0.646,5.666,6475751.17,4803047.003,24178.2381,26747.14019,0.373365768,0.556878585,6451572.932
F8,P1-C-50,1,1,P1,50,CHG,3,18.896,19.257,0.314,414.042,297.481,114.095,F16,P1-C-50p,22.355,22.251,0.147,17.417,19.159,7.875,2.994,2484249.629,1784888.118,104503.8176,114956.7719,4.206655255,6.440558973,2379745.812
F9,P1-C-50,1,2,P1,50,CHG,3,19.466,19.257,0.314,245.547,297.481,114.095,F17,P1-C-50p,22.147,22.251,0.147,21.076,19.159,7.875,2.994,1473283.7,1784888.118,126455.0579,114956.7719,8.583211634,6.440558973,1346828.642
F10,P1-C-50,1,3,P1,50,CHG,3,19.408,19.257,0.314,258.941,297.481,114.095,,,,,,,,,,1553643.52,1784888.118,,,,,
F11,P1-C-10,1,1,P1,10,CHG,3,17.19,17.527,0.413,"1,975.68","1,450.60",633.981,F18,P1-C-10p,19.752,20.127,0.379,188.984,133.995,57.828,2.6,11854073.03,8703618.168,1133903.849,803968.8371,9.565521035,9.237179545,10720169.18
F12,P1-C-10,1,2,P1,10,CHG,3,17.404,17.527,0.413,"1,623.53","1,450.60",633.981,F19,P1-C-10p,20.12,20.127,0.379,134.916,133.995,57.828,2.6,9741149.62,8703618.168,809493.0341,803968.8371,8.310035937,9.237179545,8931656.586
F13,P1-C-10,1,3,P1,10,CHG,3,17.988,17.527,0.413,951.635,"1,450.60",633.981,F20,P1-C-10p,20.51,20.127,0.379,94.358,133.995,57.828,2.6,5709810.275,8703618.168,566145.8137,803968.8371,9.915317435,9.237179545,5143664.461
G8,P1-L-25,1,1,P1,25,Live,0,16.856,17.296,0.397,"2,682.19","1,792.84",870.299,G15,P1-L-25p,19.476,19.252,0.415,243.477,298.702,157.266,1.956,16093133.56,10757056.57,1460861.478,1792210.282,9.077545227,16.660787,14632272.08
G9,P1-L-25,1,2,P1,25,Live,0,17.403,17.296,0.397,"1,625.97","1,792.84",870.299,G16,P1-L-25p,19.509,19.252,0.415,236.233,298.702,157.266,1.956,9755815.461,10757056.57,1417400.096,1792210.282,14.52877109,16.660787,8338415.365
G10,P1-L-25,1,3,P1,25,Live,0,17.629,17.296,0.397,"1,321.37","1,792.84",870.299,G17,P1-L-25p,18.773,19.252,0.415,463.355,298.702,157.266,1.956,7928200.909,10757056.57,2780131.887,1792210.282,35.06636524,16.660787,5148069.021
G11,P1-L-05,1,1,P1,5,Live,0,17.981,18.053,0.126,957.111,896.018,122.307,G18,P1-L-05p,18.682,18.699,0.099,503.773,496.055,54.551,0.645,5742668.063,5376110.642,3022635.927,2976327.483,52.63469686,55.36209504,2720032.136
G12,P1-L-05,1,2,P1,5,Live,0,17.98,18.053,0.126,958.646,896.018,122.307,G19,P1-L-05p,18.609,18.699,0.099,538.676,496.055,54.551,0.645,5751876.755,5376110.642,3232057.456,2976327.483,56.19135447,55.36209504,2519819.299
G13,P1-L-05,1,3,P1,5,Live,0,18.199,18.053,0.126,784.023,896.018,122.307,G20,P1-L-05p,18.806,18.699,0.099,449.805,496.055,54.551,0.645,4704135.152,5376110.642,2698831.147,2976327.483,57.37146276,55.36209504,2005304.005
H8,P1-H-25,1,1,P1,25,Heated,1,17.866,18.205,0.294,"1,063.30",779.753,278.543,H15,P1-H-25p,22.344,22.15,0.196,17.587,21.006,4.646,3.945,6379771.018,4678519.138,105520.5139,126033.738,1.653985913,2.693880998,6274250.504
H9,P1-H-25,1,2,P1,25,Heated,1,18.355,18.205,0.294,679.324,779.753,278.543,H16,P1-H-25p,22.155,22.15,0.196,20.915,21.006,4.646,3.945,4075944.019,4678519.138,125488.5586,126033.738,3.078760602,2.693880998,3950455.461
H10,P1-H-25,1,3,P1,25,Heated,1,18.393,18.205,0.294,656.36,779.753,278.543,H17,P1-H-25p,21.952,22.15,0.196,25.198,21.006,4.646,3.945,3938160.817,4678519.138,151188.7314,126033.738,3.839069516,2.693880998,3786972.085
H11,P1-H-05,1,1,P1,5,Heated,1,18.481,18.464,0.324,605.797,615.195,229.064,H18,P1-H-05p,20.677,20.905,0.198,81.018,65.732,15.343,2.441,3634783.498,3691169.114,486110.8295,394393.7465,13.37385926,10.68479212,3148672.669
H12,P1-H-05,1,2,P1,5,Heated,1,18.779,18.464,0.324,460.918,615.195,229.064,H19,P1-H-05p,21.026,20.905,0.198,58.838,65.732,15.343,2.441,2765509.882,3691169.114,353027.7393,394393.7465,12.76537616,10.68479212,2412482.143
H13,P1-H-05,1,3,P1,5,Heated,1,18.132,18.464,0.324,833.848,615.195,229.064,H20,P1-H-05p,21.012,20.905,0.198,59.579,65.732,15.343,2.441,5003087.141,3691169.114,357475.8367,394393.7465,7.145105144,10.68479212,4645611.305
I8,P1-K-25,1,1,P1,25,HeatKilled,2,17.62,17.701,0.102,"1,332.36","1,237.63",137.987,I15,P1-K-25p,22.958,22.996,0.117,10.025,9.678,1.241,5.295,7994136.449,7425797.887,60151.27484,58069.9083,0.752442434,0.782002274,7933985.174
I9,P1-K-25,1,2,P1,25,HeatKilled,2,17.815,17.701,0.102,"1,114.42","1,237.63",137.987,I16,P1-K-25p,22.903,22.996,0.117,10.543,9.678,1.241,5.295,6686501.748,7425797.887,63258.65683,58069.9083,0.946065061,0.782002274,6623243.091
I10,P1-K-25,1,3,P1,25,HeatKilled,2,17.667,17.701,0.102,"1,276.75","1,237.63",137.987,I17,P1-K-25p,23.128,22.996,0.117,8.577,9.678,1.241,5.295,7660517.261,7425797.887,51462.23199,58069.9083,0.671785341,0.782002274,7609055.029
I11,P1-K-05,1,1,P1,5,HeatKilled,2,18.685,18.951,0.242,502.124,393.861,111.31,I18,P1-K-05p,23.257,23.507,0.267,7.623,6.059,1.788,4.557,3012744.158,2363164.089,45739.38559,36356.0764,1.518196806,1.53844909,2967004.772
I12,P1-K-05,1,2,P1,5,HeatKilled,2,19.16,18.951,0.242,325.158,393.861,111.31,I19,P1-K-05p,23.478,23.507,0.267,6.226,6.059,1.788,4.557,1950945.547,2363164.089,37355.0806,36356.0764,1.914716721,1.53844909,1913590.466
I13,P1-K-05,1,3,P1,5,HeatKilled,2,19.006,18.951,0.242,374.217,393.861,111.31,I20,P1-K-05p,23.787,23.507,0.267,4.687,6.059,1.788,4.557,2245303.188,2363164.089,28124.85287,36356.0764,1.252608246,1.53844909,2217178.335
J8,P1-C-25,1,1,P1,25,CHG,3,19.977,19.627,0.473,153.752,212.006,128.092,J15,P1-C-25p,21.755,21.838,0.117,30.163,27.959,9.139,2.211,922513.9848,1272034.552,180975.0284,167755.1327,19.61759187,13.18793837,741538.9563
J9,P1-C-25,1,2,P1,25,CHG,3,19.814,19.627,0.473,178.595,212.006,128.092,J16,P1-C-25p,21.921,21.838,0.117,25.917,27.959,9.139,2.211,1071568.927,1272034.552,155500.9263,167755.1327,14.5115188,13.18793837,916068.0005
J10,P1-C-25,1,3,P1,25,CHG,3,19.089,19.627,0.473,347.02,212.006,128.092,,,,,,,,,,2082117.202,1272034.552,,,,,
J11,P1-C-05,1,1,P1,5,CHG,3,18.485,18.841,0.321,603.533,435.567,167.494,J18,P1-C-05p,21.713,20.657,0.223,31.359,82.461,21.392,1.817,3621198.651,2613401.864,188151.0628,494763.9863,5.195822736,18.93179894,3433047.588
J12,P1-C-05,1,2,P1,5,CHG,3,19.108,18.841,0.321,340.987,435.567,167.494,J19,P1-C-05p,21.412,20.657,0.223,41.299,82.461,21.392,1.817,2045920.142,2613401.864,247795.8676,494763.9863,12.11170771,18.93179894,1798124.274
J13,P1-C-05,1,3,P1,5,CHG,3,18.929,18.841,0.321,401.536,435.567,167.494,J20,P1-C-05p,21.847,20.657,0.223,27.726,82.461,21.392,1.817,2409217.693,2613401.864,166356.3747,494763.9863,6.904995559,18.93179894,2242861.318
L9,P3-L-50,1,1,P3,50,Live,0,21.39,21.195,0.276,42.134,50.383,15.597,L15,P3-L-50p,24.078,24.142,0.056,3.593,3.387,0.214,2.947,252805.9843,302296.2734,21558.4392,20322.23648,8.527661738,6.722622231,231247.5451
L10,P3-L-50,1,2,P3,50,Live,0,21,21.195,0.276,60.246,50.383,15.597,L16,P3-L-50p,24.172,24.142,0.056,3.297,3.387,0.214,2.947,361474.9751,302296.2734,19780.96143,20322.23648,5.472290696,6.722622231,341694.0137
,P3-L-50,1,3,P3,50,Live,0,,,,,,,L17,P3-L-50p,24.177,24.142,0.056,3.28,3.387,0.214,,,,19681.15354,20322.23648,,,-19681.15354
L11,P3-L-25,1,1,P3,25,Live,0,23.42,23.208,0.21,6.561,7.969,1.874,L18,P3-L-25p,24.92,25.039,0.136,1.661,1.489,0.222,1.831,39364.73579,47815.75051,9963.342463,8933.043678,25.31032474,18.68221994,29401.39333
L12,P3-L-25,1,2,P3,25,Live,0,23.001,23.208,0.21,9.636,7.969,1.874,L19,P3-L-25p,25.011,25.039,0.136,1.528,1.489,0.222,1.831,57818.81849,47815.75051,9170.092911,8933.043678,15.86004894,18.68221994,48648.72558
L13,P3-L-25,1,3,P3,25,Live,0,23.203,23.208,0.21,8.005,7.969,1.874,L20,P3-L-25p,25.187,25.039,0.136,1.3,1.489,0.222,1.831,48032.54718,47815.75051,7802.231271,8933.043678,16.24363422,18.68221994,40230.31591
M8,P3-H-50,1,1,P3,50,Heated,1,21.63,21.917,0.405,33.827,26.015,11.9,M15,P3-H-50p,25.356,25.236,0.109,1.114,1.243,0.149,3.32,202961.9402,156090.2847,6681.790654,7458.849007,3.292139723,4.778547891,196280.1495
M10,P3-H-50,1,2,P3,50,Heated,1,22.203,21.917,0.405,20.007,26.015,11.9,M16,P3-H-50p,25.142,25.236,0.109,1.355,1.243,0.149,3.32,120043.0828,156090.2847,8129.668693,7458.849007,6.772292502,4.778547891,111913.4141
,P3-H-50,1,3,P3,50,Heated,1,,,,,,,M17,P3-H-50p,25.21,25.236,0.109,1.273,1.243,0.149,,,,7639.232622,7458.849007,,,
M11,P3-H-25,1,1,P3,25,Heated,1,21.337,21.672,0.367,44.226,32.546,13.1,M18,P3-H-25p,24.059,24.059,0.019,3.655,3.654,0.075,2.387,265355.2928,195276.6313,21929.31814,21926.52117,8.264134441,11.22844092,243425.9746
M12,P3-H-25,1,2,P3,25,Heated,1,21.615,21.672,0.367,34.29,32.546,13.1,M19,P3-H-25p,24.078,24.059,0.019,3.593,3.654,0.075,2.387,205737.6814,195276.6313,21556.55583,21926.52117,10.47768969,11.22844092,184181.1256
M13,P3-H-25,1,3,P3,25,Heated,1,22.064,21.672,0.367,22.733,32.546,13.1,M20,P3-H-25p,24.041,24.059,0.019,3.717,3.654,0.075,2.387,136398.3849,195276.6313,22299.99146,21926.52117,16.34916093,11.22844092,114098.3935
N8,P3-K-50,1,1,P3,50,HeatKilled,2,22.344,22.362,0.022,17.589,17.305,0.43,N15,P3-K-50p,25.061,25.114,0.046,1.46,1.39,0.073,2.753,105536.7402,103828.3839,8757.966881,8340.472163,8.298500467,8.032940369,96778.77335
N9,P3-K-50,1,2,P3,50,HeatKilled,2,22.354,22.362,0.022,17.421,17.305,0.43,N16,P3-K-50p,25.143,25.114,0.046,1.354,1.39,0.073,2.753,104526.2797,103828.3839,8123.662219,8340.472163,7.771884967,8.032940369,96402.61748
N10,P3-K-50,1,3,P3,50,HeatKilled,2,22.387,22.362,0.022,16.911,17.305,0.43,N17,P3-K-50p,25.139,25.114,0.046,1.359,1.39,0.073,2.753,101465.4894,103828.3839,8154.878874,8340.472163,8.037096081,8.032940369,93310.61055
N11,P3-K-25,1,1,P3,25,HeatKilled,2,22.167,22.323,0.226,20.684,17.928,4.294,N18,P3-K-25p,25.117,25.134,0.036,1.387,1.365,0.055,2.811,124102.8319,107570.8946,8322.042773,8190.421869,6.705763796,7.613975788,115780.7891
N12,P3-K-25,1,2,P3,25,HeatKilled,2,22.22,22.323,0.226,19.699,17.928,4.294,N19,P3-K-25p,25.11,25.134,0.036,1.396,1.365,0.055,2.811,118192.3912,107570.8946,8374.994664,8190.421869,7.085900012,7.613975788,109817.3966
N13,P3-K-25,1,3,P3,25,HeatKilled,2,22.582,22.323,0.226,14.144,17.928,4.294,N20,P3-K-25p,25.176,25.134,0.036,1.314,1.365,0.055,2.811,84861.82576,107570.8946,7883.191129,8190.421869,9.289443231,7.613975788,76978.63463
O8,P3-C-50,1,1,P3,50,CHG,3,22.922,23.077,0.134,10.356,8.987,1.398,O15,P3-C-50p,25.539,25.577,0.042,0.942,0.91,0.105,2.5,62133.07787,53919.88201,5650.683375,5458.666114,9.094484885,10.12366109,56482.39449
O9,P3-C-50,1,2,P3,50,CHG,3,23.144,23.077,0.134,8.45,8.987,1.398,O16,P3-C-50p,25.57,25.577,0.042,0.916,0.91,0.105,2.5,50697.18285,53919.88201,5493.178012,5458.666114,10.8352727,10.12366109,45204.00484
O10,P3-C-50,1,3,P3,50,CHG,3,23.165,23.077,0.134,8.294,8.987,1.398,O17,P3-C-50p,25.622,25.577,0.042,0.873,0.91,0.105,2.5,49766.75754,53919.88201,5240.062469,5458.666114,10.52924226,10.12366109,44526.69507
O11,P3-C-25,1,1,P3,25,CHG,3,22.541,22.39,0.171,14.679,16.87,3.299,O18,P3-C-25p,25.702,25.714,0.019,0.812,0.803,0.043,3.324,88073.98006,101217.0556,4869.79459,4817.205798,5.529209179,4.759282681,83204.18547
O12,P3-C-25,1,2,P3,25,CHG,3,22.423,22.39,0.171,16.367,16.87,3.299,O19,P3-C-25p,25.736,25.714,0.019,0.787,0.803,0.043,3.324,98202.36426,101217.0556,4719.024703,4817.205798,4.805408443,4.759282681,93483.33956
O13,P3-C-25,1,3,P3,25,CHG,3,22.205,22.39,0.171,19.982,16.87,3.299,O20,P3-C-25p,25.703,25.714,0.019,0.811,0.803,0.043,3.324,119892.3665,101217.0556,4864.309389,4817.205798,4.057230274,4.759282681,115028.0571
C8,P2-L-50,2,1,P2,50,Live,0,17.762,17.839,0.109,"1,170.52","1,090.38",109.46,C15,P2-L-50p,20.489,20.518,0.058,96.222,93.689,4.936,2.679,7023143.153,6542283.756,577333.2479,562133.9491,8.220439699,8.5923199,6445809.905
C9,P2-L-50,2,2,P2,50,Live,0,17.916,17.839,0.109,"1,015.73","1,090.38",109.46,C16,P2-L-50p,20.585,20.518,0.058,88.096,93.689,4.936,2.679,6094347.76,6542283.756,528574.0293,562133.9491,8.673184565,8.5923199,5565773.731
,P2-L-50,2,3,P2,50,Live,0,,,,,,,C17,P2-L-50p,20.48,20.518,0.058,97.014,93.689,4.936,,,,582083.8318,562133.9491,,,
C11,P2-L-10,2,1,P2,10,Live,0,18.024,17.839,0.221,920.631,"1,090.34",230.527,C18,P2-L-10p,19.113,19.019,0.124,339.351,369.768,43.103,1.18,5523788.916,6542055.134,2036105.821,2218608.749,36.86067394,33.91302433,3487683.095
C12,P2-L-10,2,2,P2,10,Live,0,17.595,17.839,0.221,"1,363.88","1,090.34",230.527,C19,P2-L-10p,18.879,19.019,0.124,420.384,369.768,43.103,1.18,8183260.505,6542055.134,2522306.828,2218608.749,30.822761,33.91302433,5660953.677
C13,P2-L-10,2,3,P2,10,Live,0,17.899,17.839,0.221,"1,032.35","1,090.34",230.527,C20,P2-L-10p,19.066,19.019,0.124,354.399,369.768,43.103,1.18,6194102.529,6542055.134,2126391.092,2218608.749,34.3292847,33.91302433,4067711.438
D8,P2-H-50,2,1,P2,50,Heated,1,17.848,18.324,0.474,"1,081.18",699.463,316.412,D15,P2-H-50p,19.743,20.891,1.088,190.603,66.555,87.007,2.568,6487098.795,4196778.458,1143619.767,399332.3472,17.6291406,9.515211516,5343479.028
D9,P2-H-50,2,2,P2,50,Heated,1,18.326,18.324,0.474,698.041,699.463,316.412,D16,P2-H-50p,21.026,20.891,1.088,58.846,66.555,87.007,2.568,4188244.178,4196778.458,353075.2395,399332.3472,8.430149354,9.515211516,3835168.939
D10,P2-H-50,2,3,P2,50,Heated,1,18.797,18.324,0.474,453.434,699.463,316.412,D17,P2-H-50p,21.905,20.891,1.088,26.285,66.555,87.007,2.568,2720605.844,4196778.458,157707.4756,399332.3472,5.796777798,9.515211516,2562898.369
D11,P2-H-10,2,1,P2,10,Heated,1,16.645,16.797,0.285,"3,253.91","2,831.33",691.481,D18,P2-H-10p,18.86,19.032,0.182,427.802,365.515,60.577,2.235,19523475.27,16987958.24,2566811.173,2193089.878,13.1473067,12.90967311,16956664.1
D12,P2-H-10,2,2,P2,10,Heated,1,16.621,16.797,0.285,"3,328.81","2,831.33",691.481,D19,P2-H-10p,19.013,19.032,0.182,372.094,365.515,60.577,2.235,19972861.08,16987958.24,2232565.474,2193089.878,11.17799531,12.90967311,17740295.6
D13,P2-H-10,2,3,P2,10,Heated,1,17.126,16.797,0.285,"2,095.44","2,831.33",691.481,D20,P2-H-10p,19.223,19.032,0.182,306.775,365.515,60.577,2.235,12572630.33,16987958.24,1840649.791,2193089.878,14.64013291,12.90967311,10731980.54
E8,P2-K-50,2,1,P2,50,HeatKilled,2,15.503,15.792,0.409,"9,265.77","7,108.74","2,695.43",E15,P2-K-50p,19.235,19.239,0.006,303.579,302.374,1.7,3.447,55594616.91,42652429.33,1821472.709,1814246.541,3.276347261,4.25355969,53773144.2
E10,P2-K-50,2,2,P2,50,HeatKilled,2,16.082,15.792,0.409,"5,453.86","7,108.74","2,695.43",E16,P2-K-50p,19.243,19.239,0.006,301.175,302.374,1.7,3.447,32723127.32,42652429.33,1807049.04,1814246.541,5.522238209,4.25355969,30916078.28
E11,P2-K-10,2,1,P2,10,HeatKilled,2,16.265,16.52,0.294,"4,610.98","3,650.36",954.701,E18,P2-K-10p,21.34,21.221,0.205,44.11,49.2,24.486,4.701,27665882.7,21902182.53,264659.334,295200.507,0.95662711,1.347813199,27401223.37
E12,P2-K-10,2,2,P2,10,HeatKilled,2,16.453,16.52,0.294,"3,881.14","3,650.36",954.701,E19,P2-K-10p,20.984,21.221,0.205,61.113,49.2,24.486,4.701,23286842.01,21902182.53,366677.957,295200.507,1.574614355,1.347813199,22920164.05
E13,P2-K-10,2,3,P2,10,HeatKilled,2,16.842,16.52,0.294,"2,718.04","3,650.36",954.701,E20,P2-K-10p,21.339,21.221,0.205,44.18,49.2,24.486,4.701,16308209.99,21902182.53,265081.4143,295200.507,1.625447639,1.347813199,16043128.58
F8,P2-C-50,2,1,P2,50,CHG,3,18.561,18.788,0.324,562.596,457.165,126.873,F15,P2-C-50p,22.094,22.208,0.489,22.107,19.917,134.21,3.42,3375574.301,2742992.337,132644.427,119504.8136,3.929536583,4.356731588,3242929.874
F9,P2-C-50,2,2,P2,50,CHG,3,18.643,18.788,0.324,521.971,457.165,126.873,F16,P2-C-50p,22.744,22.208,0.489,12.194,19.917,134.21,3.42,3131828.092,2742992.337,73161.0416,119504.8136,2.336049089,4.356731588,3058667.05
F10,P2-C-50,2,3,P2,50,CHG,3,19.159,18.788,0.324,325.368,457.165,126.873,F17,P2-C-50p,22.787,22.208,0.489,11.727,19.917,134.21,3.42,1952207.241,2742992.337,70361.84534,119504.8136,3.604220077,4.356731588,1881845.396
F12,P2-C-10,2,1,P2,10,CHG,3,16.304,16.406,0.145,"4,449.98","4,050.52",539.557,F18,P2-C-10p,18.695,18.816,0.115,497.956,445.44,47.428,2.41,26699856.79,24303118.25,2987733.242,2672640.948,11.19007216,10.99711124,23712123.55
F13,P2-C-10,2,2,P2,10,CHG,3,16.509,16.406,0.145,"3,686.93","4,050.52",539.557,F19,P2-C-10p,18.923,18.816,0.115,404.076,445.44,47.428,2.41,22121563.93,24303118.25,2424458.216,2672640.948,10.95970531,10.99711124,19697105.71
,,2,3,P2,10,CHG,3,,,,,,,F20,P2-C-10p,18.831,18.816,0.115,439.253,445.44,47.428,,,,2635518.627,2672640.948,,,
G8,P2-L-25,2,1,P2,25,Live,0,17.965,17.923,0.047,971.478,"1,009.82",44.113,G15,P2-L-25p,19.008,19.669,0.576,373.713,203.873,128.964,1.747,5828869.837,6058906.059,2242280.427,1223239.447,38.46852803,20.18911392,3586589.41
G9,P2-L-25,2,2,P2,25,Live,0,17.932,17.923,0.047,"1,001.54","1,009.82",44.113,G16,P2-L-25p,20.061,19.669,0.576,142.416,203.873,128.964,1.747,6009257.765,6058906.059,854494.225,1223239.447,14.21963008,20.18911392,5154763.54
G10,P2-L-25,2,3,P2,25,Live,0,17.872,17.923,0.047,"1,058.34","1,009.82",44.113,G17,P2-L-25p,19.939,19.669,0.576,159.215,203.873,128.964,1.747,6350065.794,6058906.059,955291.9843,1223239.447,15.04381238,20.18911392,5394773.81
G11,P2-L-05,2,1,P2,5,Live,0,18.503,18.723,0.299,593.216,485.259,125.425,G18,P2-L-05p,19.798,20.189,0.44,181.167,126.609,49.784,1.467,3559295.946,2911552.469,1087002.323,759656.1849,30.53981291,26.09110408,2472293.623
G12,P2-L-05,2,2,P2,5,Live,0,18.601,18.723,0.299,542.463,485.259,125.425,G19,P2-L-05p,20.104,20.189,0.44,136.953,126.609,49.784,1.467,3254777.23,2911552.469,821717.3561,759656.1849,25.2465007,26.09110408,2433059.873
G13,P2-L-05,2,3,P2,5,Live,0,19.064,18.723,0.299,355.089,485.259,125.425,G20,P2-L-05p,20.666,20.189,0.44,81.799,126.609,49.784,1.467,2130534.121,2911552.469,490792.9345,759656.1849,23.03614524,26.09110408,1639741.186
H8,P2-H-25,2,1,P2,25,Heated,1,17.416,17.598,0.18,"1,606.68","1,359.81",225.933,H15,P2-H-25p,19.686,19.731,0.154,200.755,192.633,26.488,2.133,9640047.417,8158874.916,1204528.211,1155797.503,12.49504446,14.16613829,8435519.206
H9,P2-H-25,2,2,P2,25,Heated,1,17.603,17.598,0.18,"1,353.89","1,359.81",225.933,H16,P2-H-25p,19.903,19.731,0.154,164.642,192.633,26.488,2.133,8123341.076,8158874.916,987849.3486,1155797.503,12.16062873,14.16613829,7135491.727
H10,P2-H-25,2,3,P2,25,Heated,1,17.775,17.598,0.18,"1,155.92","1,359.81",225.933,H17,P2-H-25p,19.605,19.731,0.154,216.265,192.633,26.488,2.133,6935511.309,8158874.916,1297590.216,1155797.503,18.70936631,14.16613829,5637921.092
H11,P2-H-05,2,1,P2,5,Heated,1,17.743,17.676,0.096,"1,190.19","1,266.41",111.247,H18,P2-H-05p,19.019,19.469,0.423,369.853,244.855,101.707,1.794,7141132.258,7598461.85,2219120.516,1469132.122,31.07519138,19.33459891,4922011.742
H13,P2-H-05,2,2,P2,5,Heated,1,17.608,17.676,0.096,"1,347.52","1,266.41",111.247,H19,P2-H-05p,19.532,19.469,0.423,231.307,244.855,101.707,1.794,8085093.691,7598461.85,1387844.558,1469132.122,17.1654728,19.33459891,6697249.133
,,2,3,P2,5,Heated,1,,,,,,,H20,P2-H-05p,19.857,19.469,0.423,171.597,244.855,101.707,,,,1029579.981,1469132.122,,,
I8,P2-K-25,2,1,P2,25,HeatKilled,2,17.341,17.567,0.206,"1,720.27","1,398.38",274.23,I15,P2-K-25p,21.95,21.809,0.213,25.23,28.725,14.842,4.241,10321631.82,8390262.271,151377.9967,172347.5973,1.46660915,2.054138378,10170253.82
I9,P2-K-25,2,2,P2,25,HeatKilled,2,17.745,17.567,0.206,"1,188.87","1,398.38",274.23,I16,P2-K-25p,21.912,21.809,0.213,26.139,28.725,14.842,4.241,7133213.323,8390262.271,156832.7966,172347.5973,2.198627597,2.054138378,6976380.526
I10,P2-K-25,2,3,P2,25,HeatKilled,2,17.616,17.567,0.206,"1,337.03","1,398.38",274.23,I17,P2-K-25p,21.564,21.809,0.213,35.939,28.725,14.842,4.241,8022205.693,8390262.271,215633.0376,172347.5973,2.68795199,2.054138378,7806572.655
I11,P2-K-05,2,1,P2,5,HeatKilled,2,17.203,17.143,0.084,"1,953.31","2,063.10",159.635,I18,P2-K-05p,19.7,19.959,0.225,198.269,156.337,34.325,2.816,11719834.21,12378604.75,1189615.008,938023.732,10.15044229,7.577782399,10530219.2
I12,P2-K-05,2,2,P2,5,HeatKilled,2,17.083,17.143,0.084,"2,179.06","2,063.10",159.635,I19,P2-K-05p,20.084,19.959,0.225,139.428,156.337,34.325,2.816,13074381.86,12378604.75,836569.6513,938023.732,6.39854075,7.577782399,12237812.21
,,2,3,P2,5,HeatKilled,2,,,,,,,I20,P2-K-05p,20.094,19.959,0.225,138.223,156.337,34.325,,,,829339.1738,938023.732,,,
J8,P2-C-25,2,1,P2,25,CHG,3,18.438,18.696,0.23,630.009,497.183,110.461,J15,P2-C-25p,21.24,21.269,0.042,48.368,47.077,4.504,2.573,3780052.657,2983095.857,290208.4443,282460.0975,7.677365122,9.468689946,3489844.213
J9,P2-C-25,2,2,P2,25,CHG,3,18.774,18.696,0.23,463.162,497.183,110.461,J17,P2-C-25p,21.299,21.269,0.042,45.82,47.077,4.504,2.573,2778971.135,2983095.857,274919.106,282460.0975,9.892837767,9.468689946,2504052.029
J10,P2-C-25,2,3,P2,25,CHG,3,18.877,18.696,0.23,421.181,497.183,110.461,,,,,,,,,,2527084.366,2983095.857,,,,,
J11,P2-C-05,2,1,P2,5,CHG,3,15.523,15.698,0.247,"9,100.26","7,754.04","1,763.02",J18,P2-C-05p,18.694,18.922,0.281,497.984,404.271,99.676,3.224,54601542.31,46524257.73,2987905.522,2425623.464,5.47219986,5.213674721,51613636.79
J12,P2-C-05,2,2,P2,5,CHG,3,15.872,15.698,0.247,"6,606.97","7,754.04","1,763.02",J19,P2-C-05p,18.836,18.922,0.281,437.531,404.271,99.676,3.224,39641822.82,46524257.73,2625186.812,2425623.464,6.622265642,5.213674721,37016636
,,2,3,P2,5,CHG,3,,,,,,,J20,P2-C-05p,19.236,18.922,0.281,303.243,404.271,99.676,,,,1819456.023,2425623.464,,,
L8,P3-L-10,2,1,P3,10,Live,0,22.711,22.832,0.105,12.566,11.248,1.112,L15,P3-L-10p,24.631,24.598,0.100,2.164,2.231,0.173,1.766,75396.45532,67488.02277,12982.95508,13386.12054,17.2195828,19.8348092,62413.500240
L9,P3-L-10,2,2,P3,10,Live,0,22.897,22.832,0.105,10.603,11.248,1.112,L16,P3-L-10p,24.592,24.598,0.100,2.242,2.231,0.173,1.766,63616.23895,67488.02277,13453.19739,13386.12054,21.1474265,19.8348092,50163.041559
L10,P3-L-10,2,3,P3,10,Live,0,22.888,22.832,0.105,10.681,11.248,1.112,L17,P3-L-10p,24.570,24.598,0.100,2.289,2.231,0.173,1.766,64085.93328,67488.02277,13732.99067,13386.12054,21.4290250,19.8348092,50352.942601
L11,P3-L-05,2,1,P3,5,Live,0,22.198,22.284,0.085,20.097,18.591,1.451,L18,P3-L-05p,23.97,23.818,0.143,3.967,4.558,0.236,1.535,120581.248,111545.3241,23800.07799,27348.41095,19.73779371,24.5177565,96781.17004
L12,P3-L-05,2,2,P3,5,Live,0,22.369,22.284,0.085,17.195,18.591,1.451,L19,P3-L-05p,23.798,23.818,0.143,4.644,4.558,0.236,1.535,103167.7705,111545.3241,27866.86591,27348.41095,27.01121269,24.5177565,75300.90459
L13,P3-L-05,2,3,P3,5,Live,0,22.283,22.284,0.085,18.594,18.591,1.451,L20,P3-L-05p,23.687,23.818,0.143,5.14,4.558,0.236,1.535,111565.5958,111545.3241,30841.0946,27348.41095,27.64391151,24.5177565,80724.50125
M8,P3-H-10,2,1,P3,10,Heated,1,22.689,22.621,0.104,12.827,13.65,1.332,M15,P3-H-10p,25.255,25.151,0.09,1.222,1.344,0.108,2.53,76960.40042,81901.80372,7334.431324,8065.799753,9.530136647,9.848134457,69625.9691
M9,P3-H-10,2,2,P3,10,Heated,1,22.672,22.621,0.104,13.024,13.65,1.332,M16,P3-H-10p,25.102,25.151,0.09,1.406,1.344,0.108,2.53,78144.02935,81901.80372,8434.500448,8065.799753,10.79353153,9.848134457,69709.5289
M10,P3-H-10,2,3,P3,10,Heated,1,22.502,22.621,0.104,15.225,13.65,1.332,M17,P3-H-10p,25.096,25.151,0.09,1.414,1.344,0.108,2.53,91351.8358,81901.80372,8482.385633,8065.799753,9.285402486,9.848134457,82869.45017
M11,P3-H-05,2,1,P3,5,Heated,1,22.124,22.018,0.098,21.521,23.714,2.106,M18,P3-H-05p,25.132,25.009,0.112,1.368,1.531,0.154,2.991,129127.7371,142285.6349,8205.189916,9186.450823,6.354320227,6.456344543,120922.5472
M12,P3-H-05,2,2,P3,5,Heated,1,21.93,22.018,0.098,25.69,23.714,2.106,M19,P3-H-05p,24.914,25.009,0.112,1.671,1.531,0.154,2.991,154141.0394,142285.6349,10023.02421,9186.450823,6.502502025,6.456344543,144118.0152
M13,P3-H-05,2,3,P3,5,Heated,1,21.999,22.018,0.098,24.121,23.714,2.106,M20,P3-H-05p,24.981,25.009,0.112,1.571,1.531,0.154,2.991,144726.1011,142285.6349,9426.567249,9186.450823,6.51338437,6.456344543,135299.5339
,,2,1,P3,10,HeatKilled,2,,,,,,,N15,P3-K-10p,25.696,25.374,0.279,0.816,1.096,0.263,,,,4896.141337,6574.101357,,,
N8,P3-K-10,2,2,P3,10,HeatKilled,2,22.069,22.19,0.171,22.62,20.252,3.172,N16,P3-K-10p,25.233,25.374,0.279,1.247,1.096,0.263,3.184,135717.2798,121514.4105,7480.841684,6574.101357,5.512077529,5.410141342,128236.4381
N10,P3-K-10,2,3,P3,10,HeatKilled,2,22.311,22.19,0.171,18.133,20.252,3.172,N17,P3-K-10p,25.194,25.374,0.279,1.293,1.096,0.263,3.184,108797.8772,121514.4105,7757.196213,6574.101357,7.12991504,5.410141342,101040.681
N11,P3-K-05,2,1,P3,5,HeatKilled,2,22.497,22.556,0.064,15.293,14.484,0.843,N18,P3-K-05p,25.734,25.686,0.105,0.788,0.823,0.081,3.13,91756.72573,86901.6586,4727.930034,4940.545249,5.15267954,5.685213986,87028.7957
N12,P3-K-05,2,2,P3,5,HeatKilled,2,22.624,22.556,0.064,13.614,14.484,0.843,N19,P3-K-05p,25.566,25.686,0.105,0.919,0.823,0.081,3.13,81682.28634,86901.6586,5515.163415,4940.545249,6.751969934,5.685213986,76167.12293
N13,P3-K-05,2,3,P3,5,HeatKilled,2,22.548,22.556,0.064,14.594,14.484,0.843,N20,P3-K-05p,25.758,25.686,0.105,0.771,0.823,0.081,3.13,87562.8565,86901.6586,4624.832159,4940.545249,5.281728285,5.685213986,82938.02434
O8,P3-C-10,2,1,P3,10,CHG,3,22.84,22.776,0.111,11.165,11.842,1.245,O15,P3-C-10p,25.305,25.31,0.012,1.167,1.162,0.033,2.534,66992.80879,71049.48494,7004.278063,6970.105968,10.45526854,9.810213225,59988.53073
O9,P3-C-10,2,2,P3,10,CHG,3,22.84,22.776,0.111,11.164,11.842,1.245,O16,P3-C-10p,25.324,25.31,0.012,1.147,1.162,0.033,2.534,66984.49831,71049.48494,6881.067586,6970.105968,10.27262689,9.810213225,60103.43072
O10,P3-C-10,2,3,P3,10,CHG,3,22.647,22.776,0.111,13.321,11.842,1.245,O17,P3-C-10p,25.302,25.31,0.012,1.171,1.162,0.033,2.534,79924.84888,71049.48494,7025.875632,6970.105968,8.790602335,9.810213225,72898.97325
O11,P3-C-05,2,1,P3,5,CHG,3,22.488,22.891,0.356,15.421,10.655,3.822,O18,P3-C-05P,23.778,23.778,0.082,4.728,4.728,0.379,0.887,92527.42647,63927.23445,28366.7344,28366.7344,30.65764983,30.65764983,64160.69207
O12,P3-C-05,2,2,P3,5,CHG,3,23.024,22.891,0.356,9.436,10.655,3.822,O19,P3-C-05P,23.651,23.685,0.082,5.312,5.15,0.379,0.794,56613.28303,63927.23445,31870.0766,30899.40319,56.29434454,30.65764983,24743.20642
O13,P3-C-05,2,3,P3,5,CHG,3,23.162,22.891,0.356,8.312,10.655,3.822,O20,P3-C-05P,23.625,23.685,0.082,5.439,5.15,0.379,0.794,49873.30722,63927.23445,32633.00484,30899.40319,65.43180442,30.65764983,17240.30238